dataset,n_trees,n_trees_full,budget,selector,backend,completed,error,n_input_bits,peak_nodes,n_leaves,runtime_s
ann-thyroid,5,100,10000,infogain,autoref,True,,39.0,22916.0,19.0,1.594
ann-thyroid,5,100,10000,pvalue,autoref,True,,39.0,22916.0,19.0,1.641
ann-thyroid,5,100,10000,shapley,autoref,True,,39.0,22916.0,19.0,1.703
ann-thyroid,5,100,1000,modal_var,autoref,True,,39.0,7091.0,218.0,5.016
ann-thyroid,5,100,1000,random_node,autoref,True,,39.0,7091.0,1281.0,27.61
ann-thyroid,5,100,1000,infogain,autoref,True,,39.0,7091.0,14843.0,50.25
ann-thyroid,5,100,1000,pvalue,autoref,True,,39.0,7091.0,14843.0,51.297
ann-thyroid,5,100,1000,shapley,autoref,True,,39.0,7091.0,14843.0,90.61
ann-thyroid,10,100,10000,infogain,autoref,False,timeout dopo 300.0s,45.0,,,300.047
ann-thyroid,10,100,10000,pvalue,autoref,False,timeout dopo 300.0s,45.0,,,300.047
ann-thyroid,10,100,10000,shapley,autoref,False,timeout dopo 300.0s,45.0,,,300.031
ann-thyroid,10,100,1000,modal_var,autoref,False,timeout dopo 300.0s,45.0,,,300.015
ann-thyroid,10,100,1000,random_node,autoref,False,timeout dopo 308.1s,45.0,,,308.093
ann-thyroid,10,100,1000,infogain,autoref,False,timeout dopo 300.0s,45.0,,,300.031
ann-thyroid,10,100,1000,pvalue,autoref,False,timeout dopo 300.0s,45.0,,,300.047
ann-thyroid,10,100,1000,shapley,autoref,False,timeout dopo 300.0s,45.0,,,300.032
ann-thyroid,7,100,1000,modal_var,autoref,True,,42.0,7319.0,3567.0,63.656
ann-thyroid,7,100,10000,infogain,autoref,True,,42.0,27927.0,1461.0,76.922
ann-thyroid,7,100,10000,pvalue,autoref,True,,42.0,27927.0,1461.0,77.406
ann-thyroid,7,100,10000,shapley,autoref,True,,42.0,27927.0,1461.0,84.313
ann-thyroid,8,100,1000,modal_var,autoref,True,,43.0,7199.0,5531.0,128.781
ann-thyroid,7,100,1000,infogain,autoref,False,timeout dopo 300.0s,42.0,,,300.047
ann-thyroid,7,100,1000,pvalue,autoref,False,timeout dopo 300.0s,42.0,,,300.047
ann-thyroid,7,100,1000,random_node,autoref,False,timeout dopo 307.0s,42.0,,,307.047
ann-thyroid,7,100,1000,shapley,autoref,False,timeout dopo 300.0s,42.0,,,300.047
ann-thyroid,8,100,10000,shapley,autoref,False,timeout dopo 300.1s,43.0,,,300.062
ann-thyroid,8,100,10000,infogain,autoref,False,timeout dopo 300.1s,43.0,,,300.063
ann-thyroid,8,100,10000,pvalue,autoref,False,timeout dopo 300.0s,43.0,,,300.046
ann-thyroid,5,100,100000,infogain,autoref,True,,39.0,61519.0,1.0,0.891
ann-thyroid,5,100,10000,random_node,autoref,True,,39.0,27620.0,21.0,4.875
ann-thyroid,5,100,10000,modal_var,autoref,True,,39.0,29412.0,7.0,1.969
ann-thyroid,9,100,1000,modal_var,autoref,False,timeout dopo 305.2s,45.0,,,305.187
ann-thyroid,5,100,100000,shapley,autoref,True,,39.0,61519.0,1.0,0.782
ann-thyroid,6,100,1000,infogain,autoref,False,timeout dopo 300.0s,40.0,,,300.046
ann-thyroid,6,100,1000,pvalue,autoref,False,timeout dopo 300.0s,40.0,,,300.031
ann-thyroid,5,100,100000,pvalue,autoref,True,,39.0,61519.0,1.0,0.797
ann-thyroid,5,100,100000,random_node,autoref,True,,39.0,61519.0,1.0,0.766
ann-thyroid,6,100,1000,random_node,autoref,True,,40.0,7587.0,9717.0,283.875
ann-thyroid,5,100,100000,modal_var,autoref,True,,39.0,61519.0,1.0,0.766
ann-thyroid,6,100,1000,shapley,autoref,False,timeout dopo 300.0s,40.0,,,300.031
appendicitis,5,68,1000,infogain,autoref,True,,16.0,82.0,1.0,0.016
appendicitis,10,68,1000,infogain,autoref,True,,23.0,1032.0,2.0,0.063
appendicitis,20,68,1000,infogain,autoref,True,,28.0,1561.0,125.0,1.781
ann-thyroid,10,100,100000,infogain,autoref,False,timeout dopo 300.0s,45.0,,,300.032
ann-thyroid,10,100,10000,random_node,autoref,False,timeout dopo 322.6s,45.0,,,322.578
ann-thyroid,10,100,10000,modal_var,autoref,False,timeout dopo 303.0s,45.0,,,303.047
ann-thyroid,7,100,100000,infogain,autoref,True,,42.0,199387.0,8.0,8.344
appendicitis,30,68,1000,infogain,autoref,True,,32.0,1403.0,2296.0,48.954
ann-thyroid,8,100,100000,infogain,autoref,True,,43.0,211514.0,55.0,48.687
ann-thyroid,7,100,10000,modal_var,autoref,True,,42.0,36802.0,191.0,80.453
ann-thyroid,10,100,100000,shapley,autoref,False,timeout dopo 300.4s,45.0,,,300.375
ann-thyroid,7,100,100000,shapley,autoref,True,,42.0,199387.0,8.0,9.797
ann-thyroid,8,100,100000,shapley,autoref,True,,43.0,211514.0,55.0,51.14
ann-thyroid,10,100,100000,pvalue,autoref,False,timeout dopo 300.6s,45.0,,,300.609
ann-thyroid,10,100,100000,random_node,autoref,False,timeout dopo 306.9s,45.0,,,306.875
ann-thyroid,10,100,100000,modal_var,autoref,False,timeout dopo 307.3s,45.0,,,307.312
ann-thyroid,7,100,100000,pvalue,autoref,True,,42.0,199387.0,8.0,8.5
ann-thyroid,9,100,100000,infogain,autoref,True,,45.0,239539.0,245.0,174.937
appendicitis,5,68,1000,shapley,autoref,True,,16.0,82.0,1.0,0.016
appendicitis,10,68,1000,shapley,autoref,True,,23.0,1032.0,2.0,0.078
appendicitis,20,68,1000,shapley,autoref,True,,28.0,1561.0,125.0,1.938
ann-thyroid,7,100,100000,modal_var,autoref,True,,42.0,199387.0,7.0,19.531
ann-thyroid,7,100,100000,random_node,autoref,True,,42.0,199387.0,11.0,32.594
appendicitis,50,68,1000,infogain,autoref,False,timeout dopo 300.0s,34.0,,,300.016
ann-thyroid,8,100,100000,pvalue,autoref,True,,43.0,211514.0,55.0,50.093
appendicitis,30,68,1000,shapley,autoref,True,,32.0,1403.0,2296.0,55.421
ann-thyroid,7,100,10000,random_node,autoref,False,timeout dopo 303.5s,42.0,,,303.547
ann-thyroid,9,100,100000,shapley,autoref,True,,45.0,239539.0,245.0,177.344
appendicitis,5,68,1000,pvalue,autoref,True,,16.0,82.0,1.0,0.015
appendicitis,10,68,1000,pvalue,autoref,True,,23.0,1032.0,2.0,0.063
appendicitis,20,68,1000,pvalue,autoref,True,,28.0,1561.0,125.0,1.718
ann-thyroid,8,100,100000,modal_var,autoref,True,,43.0,192091.0,25.0,110.734
appendicitis,30,68,1000,pvalue,autoref,True,,32.0,1403.0,2296.0,48.25
ann-thyroid,8,100,10000,modal_var,autoref,False,timeout dopo 300.2s,43.0,,,300.172
appendicitis,5,68,1000,random_node,autoref,True,,16.0,82.0,1.0,0.016
appendicitis,10,68,1000,random_node,autoref,True,,23.0,1032.0,2.0,0.078
appendicitis,20,68,1000,random_node,autoref,True,,28.0,1561.0,56.0,2.109
ann-thyroid,8,100,100000,random_node,autoref,True,,43.0,201540.0,34.0,130.031
appendicitis,30,68,1000,random_node,autoref,True,,32.0,1668.0,443.0,28.797
ann-thyroid,6,100,10000,random_node,autoref,True,,40.0,31148.0,270.0,124.563
appendicitis,5,68,1000,modal_var,autoref,True,,16.0,82.0,1.0,0.016
appendicitis,10,68,1000,modal_var,autoref,True,,23.0,1032.0,2.0,0.093
appendicitis,20,68,1000,modal_var,autoref,True,,28.0,1561.0,23.0,0.953
appendicitis,30,68,1000,modal_var,autoref,True,,32.0,1766.0,73.0,4.578
ann-thyroid,9,100,100000,pvalue,autoref,True,,45.0,239539.0,245.0,169.765
appendicitis,5,68,10000,infogain,autoref,True,,16.0,82.0,1.0,0.015
appendicitis,10,68,10000,infogain,autoref,True,,23.0,1032.0,1.0,0.063
appendicitis,20,68,10000,infogain,autoref,True,,28.0,3865.0,1.0,0.391
appendicitis,30,68,10000,infogain,autoref,True,,32.0,10483.0,4.0,1.531
appendicitis,40,68,1000,infogain,autoref,True,,33.0,1486.0,5178.0,221.109
appendicitis,50,68,10000,infogain,autoref,True,,34.0,15411.0,77.0,33.125
appendicitis,50,68,1000,modal_var,autoref,True,,34.0,1750.0,697.0,64.39
appendicitis,50,68,1000,shapley,autoref,False,timeout dopo 300.0s,34.0,,,300.016
appendicitis,50,68,1000,pvalue,autoref,False,timeout dopo 300.0s,34.0,,,300.015
ann-thyroid,9,100,100000,modal_var,autoref,False,timeout dopo 301.0s,45.0,,,300.954
appendicitis,5,68,10000,shapley,autoref,True,,16.0,82.0,1.0,0.016
appendicitis,10,68,10000,shapley,autoref,True,,23.0,1032.0,1.0,0.063
appendicitis,20,68,10000,shapley,autoref,True,,28.0,3865.0,1.0,0.39
appendicitis,30,68,10000,shapley,autoref,True,,32.0,10483.0,4.0,1.485
ann-thyroid,9,100,100000,random_node,autoref,False,timeout dopo 300.4s,45.0,,,300.375
appendicitis,5,68,10000,pvalue,autoref,True,,16.0,82.0,1.0,0.016
appendicitis,50,68,10000,shapley,autoref,True,,34.0,15411.0,77.0,31.703
appendicitis,10,68,10000,pvalue,autoref,True,,23.0,1032.0,1.0,0.078
appendicitis,20,68,10000,pvalue,autoref,True,,28.0,3865.0,1.0,0.375
appendicitis,30,68,10000,pvalue,autoref,True,,32.0,10483.0,4.0,1.515
appendicitis,50,68,1000,random_node,autoref,False,timeout dopo 300.0s,34.0,,,300.031
appendicitis,50,68,10000,pvalue,autoref,True,,34.0,15411.0,77.0,32.86
appendicitis,45,68,1000,infogain,autoref,False,timeout dopo 300.0s,33.0,,,300.016
appendicitis,40,68,1000,shapley,autoref,True,,33.0,1486.0,5178.0,226.719
appendicitis,68,68,10000,infogain,autoref,True,,38.0,17215.0,553.0,275.343
appendicitis,5,68,10000,random_node,autoref,True,,16.0,82.0,1.0,0.016
appendicitis,10,68,10000,random_node,autoref,True,,23.0,1032.0,1.0,0.063
appendicitis,20,68,10000,random_node,autoref,True,,28.0,3865.0,1.0,0.406
appendicitis,30,68,10000,random_node,autoref,True,,32.0,10469.0,4.0,2.219
appendicitis,68,68,1000,modal_var,autoref,False,timeout dopo 300.0s,38.0,,,300.015
appendicitis,40,68,1000,pvalue,autoref,True,,33.0,1486.0,5178.0,213.672
appendicitis,40,68,1000,random_node,autoref,True,,33.0,1722.0,1411.0,138.453
appendicitis,50,68,10000,random_node,autoref,True,,34.0,15135.0,91.0,133.438
appendicitis,68,68,10000,shapley,autoref,True,,38.0,17215.0,553.0,270.828
appendicitis,5,68,10000,modal_var,autoref,True,,16.0,82.0,1.0,0.016
appendicitis,10,68,10000,modal_var,autoref,True,,23.0,1032.0,1.0,0.078
appendicitis,20,68,10000,modal_var,autoref,True,,28.0,3865.0,1.0,0.359
appendicitis,30,68,10000,modal_var,autoref,True,,32.0,10469.0,4.0,1.984
appendicitis,50,68,10000,modal_var,autoref,True,,34.0,15014.0,16.0,19.375
appendicitis,59,68,1000,modal_var,autoref,True,,36.0,1744.0,1661.0,193.609
appendicitis,68,68,10000,pvalue,autoref,True,,38.0,17215.0,553.0,267.531
appendicitis,5,68,100000,infogain,autoref,True,,16.0,82.0,1.0,0.015
appendicitis,10,68,100000,infogain,autoref,True,,23.0,1032.0,1.0,0.078
appendicitis,20,68,100000,infogain,autoref,True,,28.0,3865.0,1.0,0.375
appendicitis,30,68,100000,infogain,autoref,True,,32.0,12382.0,1.0,1.359
appendicitis,50,68,100000,infogain,autoref,True,,34.0,65417.0,1.0,11.313
appendicitis,42,68,1000,infogain,autoref,True,,33.0,1527.0,6679.0,279.078
appendicitis,45,68,1000,shapley,autoref,False,timeout dopo 300.0s,33.0,,,300.016
appendicitis,68,68,100000,infogain,autoref,True,,38.0,108552.0,5.0,51.765
appendicitis,5,68,100000,shapley,autoref,True,,16.0,82.0,1.0,0.016
appendicitis,10,68,100000,shapley,autoref,True,,23.0,1032.0,1.0,0.078
appendicitis,20,68,100000,shapley,autoref,True,,28.0,3865.0,1.0,0.375
appendicitis,30,68,100000,shapley,autoref,True,,32.0,12382.0,1.0,1.407
appendicitis,68,68,10000,modal_var,autoref,True,,38.0,14690.0,72.0,143.562
appendicitis,50,68,100000,shapley,autoref,True,,34.0,65417.0,1.0,10.891
appendicitis,5,68,100000,pvalue,autoref,True,,16.0,82.0,1.0,0.015
appendicitis,10,68,100000,pvalue,autoref,True,,23.0,1032.0,1.0,0.062
appendicitis,20,68,100000,pvalue,autoref,True,,28.0,3865.0,1.0,0.375
appendicitis,30,68,100000,pvalue,autoref,True,,32.0,12382.0,1.0,1.359
appendicitis,45,68,1000,pvalue,autoref,False,timeout dopo 300.0s,33.0,,,300.015
appendicitis,50,68,100000,pvalue,autoref,True,,34.0,65417.0,1.0,10.625
appendicitis,45,68,1000,random_node,autoref,False,timeout dopo 300.0s,33.0,,,300.016
appendicitis,68,68,100000,shapley,autoref,True,,38.0,108552.0,5.0,51.656
appendicitis,5,68,100000,random_node,autoref,True,,16.0,82.0,1.0,0.016
appendicitis,10,68,100000,random_node,autoref,True,,23.0,1032.0,1.0,0.062
appendicitis,20,68,100000,random_node,autoref,True,,28.0,3865.0,1.0,0.39
appendicitis,30,68,100000,random_node,autoref,True,,32.0,12382.0,1.0,1.406
appendicitis,68,68,100000,pvalue,autoref,True,,38.0,108552.0,5.0,53.656
appendicitis,50,68,100000,random_node,autoref,True,,34.0,65417.0,1.0,12.688
appendicitis,5,68,100000,modal_var,autoref,True,,16.0,82.0,1.0,0.016
appendicitis,10,68,100000,modal_var,autoref,True,,23.0,1032.0,1.0,0.063
appendicitis,20,68,100000,modal_var,autoref,True,,28.0,3865.0,1.0,0.391
appendicitis,30,68,100000,modal_var,autoref,True,,32.0,12382.0,1.0,1.359
appendicitis,68,68,10000,random_node,autoref,False,timeout dopo 300.0s,38.0,,,300.015
appendicitis,50,68,100000,modal_var,autoref,True,,34.0,65417.0,1.0,13.531
appendicitis,63,68,1000,modal_var,autoref,False,timeout dopo 300.0s,38.0,,,300.016
appendicitis,43,68,1000,infogain,autoref,False,timeout dopo 300.0s,33.0,,,300.016
banknote,5,44,1000,infogain,autoref,True,,21.0,979.0,1.0,0.062
banknote,10,44,1000,infogain,autoref,True,,26.0,1737.0,29.0,0.609
banknote,20,44,1000,infogain,autoref,True,,28.0,1816.0,317.0,9.343
appendicitis,42,68,1000,shapley,autoref,False,timeout dopo 300.0s,33.0,,,300.015
appendicitis,68,68,100000,random_node,autoref,True,,38.0,115347.0,5.0,125.891
banknote,5,44,1000,shapley,autoref,True,,21.0,979.0,1.0,0.063
banknote,10,44,1000,shapley,autoref,True,,26.0,1737.0,29.0,0.61
appendicitis,68,68,100000,modal_var,autoref,True,,38.0,108597.0,5.0,107.687
banknote,5,44,1000,pvalue,autoref,True,,21.0,979.0,1.0,0.063
banknote,10,44,1000,pvalue,autoref,True,,26.0,1737.0,29.0,0.578
banknote,20,44,1000,shapley,autoref,True,,28.0,1816.0,317.0,10.562
banknote,20,44,1000,pvalue,autoref,True,,28.0,1816.0,317.0,9.969
banknote,30,44,1000,infogain,autoref,True,,31.0,1892.0,1806.0,65.687
appendicitis,42,68,1000,random_node,autoref,True,,33.0,1805.0,2153.0,256.828
appendicitis,42,68,1000,pvalue,autoref,True,,33.0,1527.0,6679.0,296.265
banknote,30,44,1000,shapley,autoref,True,,31.0,1892.0,1806.0,70.343
banknote,30,44,1000,pvalue,autoref,True,,31.0,1892.0,1806.0,67.859
appendicitis,61,68,1000,modal_var,autoref,True,,37.0,1762.0,1819.0,220.016
appendicitis,59,68,10000,random_node,autoref,False,timeout dopo 300.0s,36.0,,,300.047
appendicitis,41,68,1000,shapley,autoref,True,,33.0,1524.0,5621.0,238.922
banknote,5,44,1000,random_node,autoref,True,,21.0,979.0,1.0,0.063
banknote,10,44,1000,random_node,autoref,True,,26.0,1738.0,76.0,2.11
appendicitis,43,68,1000,random_node,autoref,True,,33.0,1770.0,2013.0,195.609
banknote,20,44,1000,random_node,autoref,True,,28.0,1878.0,829.0,48.453
appendicitis,54,68,10000,random_node,autoref,True,,34.0,14978.0,94.0,143.531
appendicitis,43,68,1000,pvalue,autoref,True,,33.0,1477.0,6671.0,283.563
banknote,44,44,1000,infogain,autoref,False,timeout dopo 300.0s,32.0,,,300.031
banknote,44,44,1000,shapley,autoref,False,timeout dopo 300.0s,32.0,,,300.015
banknote,44,44,1000,pvalue,autoref,False,timeout dopo 300.0s,32.0,,,300.016
appendicitis,62,68,1000,modal_var,autoref,False,timeout dopo 300.0s,38.0,,,300.016
banknote,5,44,1000,modal_var,autoref,True,,21.0,979.0,1.0,0.063
banknote,10,44,1000,modal_var,autoref,True,,26.0,1489.0,33.0,0.969
banknote,20,44,1000,modal_var,autoref,True,,28.0,1620.0,181.0,9.985
appendicitis,44,68,1000,random_node,autoref,True,,33.0,1736.0,2347.0,263.609
banknote,5,44,10000,infogain,autoref,True,,21.0,979.0,1.0,0.063
banknote,10,44,10000,infogain,autoref,True,,26.0,8013.0,1.0,0.422
banknote,20,44,10000,infogain,autoref,True,,28.0,12252.0,7.0,3.313
banknote,30,44,10000,infogain,autoref,True,,31.0,14050.0,19.0,14.594
banknote,30,44,1000,modal_var,autoref,True,,31.0,1910.0,969.0,74.781
banknote,37,44,1000,infogain,autoref,True,,32.0,2142.0,4965.0,224.172
banknote,37,44,1000,shapley,autoref,True,,32.0,2142.0,4965.0,235.438
banknote,30,44,1000,random_node,autoref,False,timeout dopo 300.5s,31.0,,,300.516
banknote,37,44,1000,pvalue,autoref,True,,32.0,2142.0,4965.0,227.812
appendicitis,44,68,1000,pvalue,autoref,False,timeout dopo 300.0s,33.0,,,300.016
banknote,5,44,10000,shapley,autoref,True,,21.0,979.0,1.0,0.062
banknote,10,44,10000,shapley,autoref,True,,26.0,8013.0,1.0,0.406
appendicitis,56,68,10000,random_node,autoref,False,timeout dopo 302.8s,35.0,,,302.765
banknote,20,44,10000,shapley,autoref,True,,28.0,12252.0,7.0,3.328
banknote,30,44,10000,shapley,autoref,True,,31.0,14050.0,19.0,13.594
banknote,44,44,10000,infogain,autoref,True,,32.0,14363.0,96.0,80.843
banknote,5,44,10000,pvalue,autoref,True,,21.0,979.0,1.0,0.062
banknote,10,44,10000,pvalue,autoref,True,,26.0,8013.0,1.0,0.422
banknote,20,44,10000,pvalue,autoref,True,,28.0,12252.0,7.0,3.218
banknote,30,44,10000,pvalue,autoref,True,,31.0,14050.0,19.0,13.359
banknote,44,44,10000,shapley,autoref,True,,32.0,14363.0,96.0,76.531
banknote,5,44,10000,random_node,autoref,True,,21.0,979.0,1.0,0.062
banknote,10,44,10000,random_node,autoref,True,,26.0,8013.0,1.0,0.422
banknote,25,44,1000,random_node,autoref,True,,30.0,1626.0,1475.0,138.656
banknote,20,44,10000,random_node,autoref,True,,28.0,11993.0,6.0,4.312
appendicitis,55,68,10000,random_node,autoref,True,,34.0,14979.0,94.0,147.234
banknote,5,44,10000,modal_var,autoref,True,,21.0,979.0,1.0,0.062
banknote,44,44,10000,pvalue,autoref,True,,32.0,14363.0,96.0,78.718
banknote,10,44,10000,modal_var,autoref,True,,26.0,8013.0,1.0,0.406
banknote,5,44,100000,infogain,autoref,True,,21.0,979.0,1.0,0.062
banknote,10,44,100000,infogain,autoref,True,,26.0,8013.0,1.0,0.438
banknote,20,44,100000,infogain,autoref,True,,28.0,32224.0,1.0,3.032
banknote,20,44,10000,modal_var,autoref,True,,28.0,11203.0,7.0,5.0
banknote,30,44,10000,random_node,autoref,True,,31.0,11607.0,49.0,55.094
banknote,30,44,100000,infogain,autoref,True,,31.0,80007.0,1.0,11.453
banknote,44,44,1000,modal_var,autoref,False,timeout dopo 300.0s,32.0,,,300.015
banknote,30,44,10000,modal_var,autoref,True,,31.0,11682.0,40.0,44.594
banknote,40,44,1000,infogain,autoref,False,timeout dopo 300.0s,32.0,,,300.016
banknote,40,44,1000,shapley,autoref,False,timeout dopo 300.0s,32.0,,,300.016
banknote,44,44,100000,infogain,autoref,True,,32.0,107493.0,4.0,47.172
banknote,5,44,100000,shapley,autoref,True,,21.0,979.0,1.0,0.063
banknote,10,44,100000,shapley,autoref,True,,26.0,8013.0,1.0,0.422
banknote,20,44,100000,shapley,autoref,True,,28.0,32224.0,1.0,2.985
banknote,30,44,100000,shapley,autoref,True,,31.0,80007.0,1.0,11.187
banknote,27,44,1000,random_node,autoref,True,,31.0,1784.0,1894.0,175.766
banknote,40,44,1000,pvalue,autoref,False,timeout dopo 300.0s,32.0,,,300.015
banknote,44,44,100000,shapley,autoref,True,,32.0,107493.0,4.0,49.844
banknote,5,44,100000,pvalue,autoref,True,,21.0,979.0,1.0,0.063
banknote,10,44,100000,pvalue,autoref,True,,26.0,8013.0,1.0,0.407
banknote,20,44,100000,pvalue,autoref,True,,28.0,32224.0,1.0,3.093
banknote,30,44,100000,pvalue,autoref,True,,31.0,80007.0,1.0,12.063
banknote,44,44,10000,modal_var,autoref,True,,32.0,14188.0,77.0,148.156
banknote,5,44,100000,random_node,autoref,True,,21.0,979.0,1.0,0.063
banknote,10,44,100000,random_node,autoref,True,,26.0,8013.0,1.0,0.422
banknote,20,44,100000,random_node,autoref,True,,28.0,32224.0,1.0,2.953
banknote,30,44,100000,random_node,autoref,True,,31.0,80007.0,1.0,11.531
banknote,44,44,100000,pvalue,autoref,True,,32.0,107493.0,4.0,46.688
banknote,5,44,100000,modal_var,autoref,True,,21.0,979.0,1.0,0.063
banknote,10,44,100000,modal_var,autoref,True,,26.0,8013.0,1.0,0.437
banknote,20,44,100000,modal_var,autoref,True,,28.0,32224.0,1.0,2.984
banknote,30,44,100000,modal_var,autoref,True,,31.0,80007.0,1.0,12.063
banknote,37,44,1000,modal_var,autoref,True,,32.0,1767.0,2057.0,223.906
banknote,44,44,10000,random_node,autoref,False,timeout dopo 300.8s,32.0,,,300.75
banknote,44,44,100000,random_node,autoref,True,,32.0,107854.0,5.0,60.156
banknote,44,44,100000,modal_var,autoref,True,,32.0,107493.0,3.0,49.453
banknote,38,44,1000,shapley,autoref,False,timeout dopo 300.0s,32.0,,,300.032
banknote,38,44,1000,infogain,autoref,True,,32.0,2175.0,6277.0,295.578
banknote,28,44,1000,random_node,autoref,True,,31.0,1627.0,3007.0,296.766
banknote,38,44,1000,pvalue,autoref,True,,32.0,2175.0,6277.0,296.86
banknote,37,44,10000,random_node,autoref,True,,32.0,14059.0,91.0,149.203
banknote,40,44,1000,modal_var,autoref,False,timeout dopo 300.0s,32.0,,,300.015
biodegradation,5,88,1000,infogain,autoref,False,timeout dopo 300.0s,117.0,,,300.047
biodegradation,2,88,1000,infogain,autoref,True,,80.0,1378149.0,1.0,13.219
biodegradation,5,88,1000,shapley,autoref,False,timeout dopo 300.0s,117.0,,,300.015
biodegradation,5,88,1000,pvalue,autoref,False,timeout dopo 300.0s,117.0,,,300.031
biodegradation,2,88,1000,shapley,autoref,True,,80.0,1378149.0,1.0,13.344
banknote,39,44,1000,infogain,autoref,True,,32.0,2104.0,5872.0,281.828
biodegradation,2,88,1000,pvalue,autoref,True,,80.0,1378149.0,1.0,13.672
banknote,39,44,1000,pvalue,autoref,True,,32.0,2104.0,5872.0,283.031
banknote,29,44,1000,random_node,autoref,False,timeout dopo 300.0s,31.0,,,300.015
banknote,40,44,10000,random_node,autoref,True,,32.0,12443.0,174.0,290.422
banknote,38,44,1000,modal_var,autoref,False,timeout dopo 300.0s,32.0,,,300.015
biodegradation,3,88,1000,infogain,autoref,False,timeout dopo 300.0s,96.0,,,300.032
biodegradation,3,88,1000,shapley,autoref,False,timeout dopo 300.0s,96.0,,,300.062
biodegradation,5,88,1000,random_node,autoref,False,timeout dopo 300.1s,117.0,,,300.078
biodegradation,3,88,1000,pvalue,autoref,False,timeout dopo 300.0s,96.0,,,300.047
biodegradation,2,88,1000,random_node,autoref,True,,80.0,1378149.0,1.0,13.156
biodegradation,5,88,1000,modal_var,autoref,False,timeout dopo 300.0s,117.0,,,300.016
biodegradation,5,88,10000,infogain,autoref,False,timeout dopo 300.1s,117.0,,,300.094
biodegradation,2,88,1000,modal_var,autoref,True,,80.0,1378149.0,1.0,13.094
biodegradation,2,88,10000,infogain,autoref,True,,80.0,1378149.0,1.0,13.016
banknote,42,44,10000,random_node,autoref,False,timeout dopo 300.1s,32.0,,,300.109
biodegradation,5,88,10000,shapley,autoref,False,timeout dopo 300.3s,117.0,,,300.266
biodegradation,2,88,10000,shapley,autoref,True,,80.0,1378149.0,1.0,13.063
biodegradation,5,88,10000,pvalue,autoref,False,timeout dopo 300.1s,117.0,,,300.078
biodegradation,5,88,10000,random_node,autoref,False,timeout dopo 301.0s,117.0,,,300.953
biodegradation,2,88,10000,pvalue,autoref,True,,80.0,1378149.0,1.0,12.953
biodegradation,2,88,10000,random_node,autoref,True,,80.0,1378149.0,1.0,13.328
biodegradation,5,88,10000,modal_var,autoref,False,timeout dopo 300.9s,117.0,,,300.922
biodegradation,2,88,10000,modal_var,autoref,True,,80.0,1378149.0,1.0,14.547
biodegradation,3,88,10000,shapley,autoref,False,timeout dopo 300.0s,96.0,,,300.031
banknote,41,44,10000,random_node,autoref,False,timeout dopo 301.3s,32.0,,,301.266
biodegradation,3,88,10000,infogain,autoref,False,timeout dopo 300.0s,96.0,,,300.015
biodegradation,3,88,10000,pvalue,autoref,False,timeout dopo 300.0s,96.0,,,300.047
biodegradation,3,88,1000,random_node,autoref,False,timeout dopo 300.0s,96.0,,,300.046
biodegradation,3,88,1000,modal_var,autoref,False,timeout dopo 300.1s,96.0,,,300.141
biodegradation,3,88,10000,random_node,autoref,False,timeout dopo 300.2s,96.0,,,300.234
breast-cancer,5,64,1000,infogain,autoref,True,,15.0,110.0,1.0,0.016
breast-cancer,5,64,1000,shapley,autoref,True,,15.0,110.0,1.0,0.016
breast-cancer,10,64,1000,infogain,autoref,True,,19.0,628.0,1.0,0.062
breast-cancer,10,64,1000,shapley,autoref,True,,19.0,628.0,1.0,0.062
breast-cancer,20,64,1000,infogain,autoref,True,,20.0,1092.0,3.0,0.234
breast-cancer,20,64,1000,shapley,autoref,True,,20.0,1092.0,3.0,0.25
breast-cancer,30,64,1000,infogain,autoref,True,,21.0,1121.0,12.0,0.687
breast-cancer,30,64,1000,shapley,autoref,True,,21.0,1121.0,12.0,0.703
breast-cancer,50,64,1000,shapley,autoref,True,,21.0,1386.0,66.0,5.047
breast-cancer,50,64,1000,infogain,autoref,True,,21.0,1386.0,66.0,5.297
biodegradation,3,88,10000,modal_var,autoref,False,timeout dopo 300.3s,96.0,,,300.281
breast-cancer,5,64,1000,pvalue,autoref,True,,15.0,110.0,1.0,0.016
breast-cancer,10,64,1000,pvalue,autoref,True,,19.0,628.0,1.0,0.062
breast-cancer,20,64,1000,pvalue,autoref,True,,20.0,1092.0,3.0,0.25
breast-cancer,30,64,1000,pvalue,autoref,True,,21.0,1121.0,12.0,0.672
breast-cancer,50,64,1000,pvalue,autoref,True,,21.0,1386.0,66.0,5.078
breast-cancer,64,64,1000,shapley,autoref,True,,22.0,1386.0,178.0,19.422
breast-cancer,5,64,1000,random_node,autoref,True,,15.0,110.0,1.0,0.016
breast-cancer,10,64,1000,random_node,autoref,True,,19.0,628.0,1.0,0.047
breast-cancer,64,64,1000,infogain,autoref,True,,22.0,1386.0,178.0,19.25
breast-cancer,5,64,1000,modal_var,autoref,True,,15.0,110.0,1.0,0.015
breast-cancer,20,64,1000,random_node,autoref,True,,20.0,1092.0,2.0,0.219
breast-cancer,10,64,1000,modal_var,autoref,True,,19.0,628.0,1.0,0.047
breast-cancer,30,64,1000,random_node,autoref,True,,21.0,1100.0,6.0,0.531
breast-cancer,20,64,1000,modal_var,autoref,True,,20.0,1092.0,2.0,0.203
breast-cancer,30,64,1000,modal_var,autoref,True,,21.0,1148.0,5.0,0.453
breast-cancer,50,64,1000,random_node,autoref,True,,21.0,1136.0,24.0,3.141
breast-cancer,50,64,1000,modal_var,autoref,True,,21.0,1191.0,18.0,2.64
breast-cancer,64,64,1000,pvalue,autoref,True,,22.0,1386.0,178.0,17.438
breast-cancer,5,64,10000,infogain,autoref,True,,15.0,110.0,1.0,0.016
breast-cancer,64,64,1000,modal_var,autoref,True,,22.0,1192.0,35.0,5.625
breast-cancer,10,64,10000,infogain,autoref,True,,19.0,628.0,1.0,0.062
breast-cancer,5,64,10000,shapley,autoref,True,,15.0,110.0,1.0,0.015
breast-cancer,20,64,10000,infogain,autoref,True,,20.0,1302.0,1.0,0.219
breast-cancer,10,64,10000,shapley,autoref,True,,19.0,628.0,1.0,0.062
breast-cancer,30,64,10000,infogain,autoref,True,,21.0,2919.0,1.0,0.469
breast-cancer,20,64,10000,shapley,autoref,True,,20.0,1302.0,1.0,0.219
breast-cancer,64,64,1000,random_node,autoref,True,,22.0,1313.0,65.0,8.828
breast-cancer,5,64,10000,pvalue,autoref,True,,15.0,110.0,1.0,0.016
breast-cancer,30,64,10000,shapley,autoref,True,,21.0,2919.0,1.0,0.454
breast-cancer,10,64,10000,pvalue,autoref,True,,19.0,628.0,1.0,0.046
breast-cancer,50,64,10000,infogain,autoref,True,,21.0,6733.0,1.0,1.813
breast-cancer,20,64,10000,pvalue,autoref,True,,20.0,1302.0,1.0,0.203
breast-cancer,50,64,10000,shapley,autoref,True,,21.0,6733.0,1.0,1.75
breast-cancer,30,64,10000,pvalue,autoref,True,,21.0,2919.0,1.0,0.468
breast-cancer,50,64,10000,pvalue,autoref,True,,21.0,6733.0,1.0,1.828
breast-cancer,64,64,10000,infogain,autoref,True,,22.0,10069.0,3.0,3.985
breast-cancer,5,64,10000,random_node,autoref,True,,15.0,110.0,1.0,0.016
breast-cancer,64,64,10000,shapley,autoref,True,,22.0,10069.0,3.0,3.797
breast-cancer,10,64,10000,random_node,autoref,True,,19.0,628.0,1.0,0.063
breast-cancer,5,64,10000,modal_var,autoref,True,,15.0,110.0,1.0,0.016
breast-cancer,20,64,10000,random_node,autoref,True,,20.0,1302.0,1.0,0.218
breast-cancer,10,64,10000,modal_var,autoref,True,,19.0,628.0,1.0,0.047
breast-cancer,20,64,10000,modal_var,autoref,True,,20.0,1302.0,1.0,0.203
breast-cancer,30,64,10000,random_node,autoref,True,,21.0,2919.0,1.0,0.469
breast-cancer,64,64,10000,pvalue,autoref,True,,22.0,10069.0,3.0,3.703
breast-cancer,5,64,100000,infogain,autoref,True,,15.0,110.0,1.0,0.016
breast-cancer,30,64,10000,modal_var,autoref,True,,21.0,2919.0,1.0,0.453
breast-cancer,10,64,100000,infogain,autoref,True,,19.0,628.0,1.0,0.047
breast-cancer,20,64,100000,infogain,autoref,True,,20.0,1302.0,1.0,0.218
breast-cancer,50,64,10000,random_node,autoref,True,,21.0,6733.0,1.0,1.734
breast-cancer,30,64,100000,infogain,autoref,True,,21.0,2919.0,1.0,0.469
breast-cancer,50,64,10000,modal_var,autoref,True,,21.0,6733.0,1.0,1.766
breast-cancer,50,64,100000,infogain,autoref,True,,21.0,6733.0,1.0,1.781
breast-cancer,64,64,10000,random_node,autoref,True,,22.0,10069.0,2.0,4.016
breast-cancer,5,64,100000,shapley,autoref,True,,15.0,110.0,1.0,0.016
breast-cancer,64,64,10000,modal_var,autoref,True,,22.0,10069.0,2.0,3.641
breast-cancer,10,64,100000,shapley,autoref,True,,19.0,628.0,1.0,0.063
breast-cancer,5,64,100000,pvalue,autoref,True,,15.0,110.0,1.0,0.016
breast-cancer,10,64,100000,pvalue,autoref,True,,19.0,628.0,1.0,0.047
breast-cancer,20,64,100000,shapley,autoref,True,,20.0,1302.0,1.0,0.219
breast-cancer,20,64,100000,pvalue,autoref,True,,20.0,1302.0,1.0,0.203
breast-cancer,64,64,100000,infogain,autoref,True,,22.0,10787.0,1.0,3.344
breast-cancer,30,64,100000,shapley,autoref,True,,21.0,2919.0,1.0,0.468
breast-cancer,5,64,100000,random_node,autoref,True,,15.0,110.0,1.0,0.016
breast-cancer,30,64,100000,pvalue,autoref,True,,21.0,2919.0,1.0,0.485
breast-cancer,10,64,100000,random_node,autoref,True,,19.0,628.0,1.0,0.046
breast-cancer,20,64,100000,random_node,autoref,True,,20.0,1302.0,1.0,0.25
breast-cancer,50,64,100000,shapley,autoref,True,,21.0,6733.0,1.0,1.906
breast-cancer,30,64,100000,random_node,autoref,True,,21.0,2919.0,1.0,0.5
breast-cancer,50,64,100000,pvalue,autoref,True,,21.0,6733.0,1.0,1.89
breast-cancer,50,64,100000,random_node,autoref,True,,21.0,6733.0,1.0,1.735
breast-cancer,64,64,100000,shapley,autoref,True,,22.0,10787.0,1.0,3.313
breast-cancer,64,64,100000,pvalue,autoref,True,,22.0,10787.0,1.0,3.406
breast-cancer,5,64,100000,modal_var,autoref,True,,15.0,110.0,1.0,0.015
breast-cancer,10,64,100000,modal_var,autoref,True,,19.0,628.0,1.0,0.047
breast-cancer,20,64,100000,modal_var,autoref,True,,20.0,1302.0,1.0,0.203
breast-cancer,64,64,100000,random_node,autoref,True,,22.0,10787.0,1.0,3.438
breast-cancer,30,64,100000,modal_var,autoref,True,,21.0,2919.0,1.0,0.453
breast-cancer,50,64,100000,modal_var,autoref,True,,21.0,6733.0,1.0,1.891
breast-cancer,64,64,100000,modal_var,autoref,True,,22.0,10787.0,1.0,3.547
breast-cancer-wisconsin,5,40,1000,infogain,autoref,True,,47.0,8619.0,11458.0,73.203
breast-cancer-wisconsin,5,40,1000,pvalue,autoref,True,,47.0,8619.0,11458.0,74.156
breast-cancer-wisconsin,5,40,1000,shapley,autoref,True,,47.0,8619.0,11458.0,141.313
biodegradation,5,88,100000,shapley,autoref,False,timeout dopo 301.0s,117.0,,,300.985
biodegradation,2,88,100000,shapley,autoref,True,,80.0,1378149.0,1.0,13.859
biodegradation,5,88,100000,infogain,autoref,False,timeout dopo 301.9s,117.0,,,301.859
biodegradation,5,88,100000,random_node,autoref,False,timeout dopo 311.7s,117.0,,,311.719
biodegradation,5,88,100000,pvalue,autoref,False,timeout dopo 301.2s,117.0,,,301.235
biodegradation,5,88,100000,modal_var,autoref,False,timeout dopo 302.6s,117.0,,,302.625
biodegradation,2,88,100000,infogain,autoref,True,,80.0,1378149.0,1.0,13.89
biodegradation,2,88,100000,random_node,autoref,True,,80.0,1378149.0,1.0,12.5
biodegradation,2,88,100000,pvalue,autoref,True,,80.0,1378149.0,1.0,13.094
biodegradation,2,88,100000,modal_var,autoref,True,,80.0,1378149.0,1.0,13.359
breast-cancer-wisconsin,10,40,1000,infogain,autoref,False,timeout dopo 300.0s,79.0,,,300.032
breast-cancer-wisconsin,10,40,1000,pvalue,autoref,False,timeout dopo 300.0s,79.0,,,300.031
breast-cancer-wisconsin,10,40,1000,shapley,autoref,False,timeout dopo 300.0s,79.0,,,300.047
biodegradation,3,88,100000,shapley,autoref,False,timeout dopo 301.7s,96.0,,,301.719
biodegradation,3,88,100000,infogain,autoref,False,timeout dopo 301.0s,96.0,,,300.985
breast-cancer-wisconsin,5,40,1000,modal_var,autoref,True,,47.0,8798.0,145.0,3.468
biodegradation,3,88,100000,pvalue,autoref,False,timeout dopo 301.8s,96.0,,,301.75
breast-cancer-wisconsin,5,40,10000,infogain,autoref,True,,47.0,45119.0,15.0,1.875
biodegradation,3,88,100000,modal_var,autoref,False,timeout dopo 311.2s,96.0,,,311.172
biodegradation,3,88,100000,random_node,autoref,False,timeout dopo 312.9s,96.0,,,312.921
breast-cancer-wisconsin,5,40,10000,shapley,autoref,True,,47.0,45119.0,15.0,2.0
breast-cancer-wisconsin,5,40,10000,pvalue,autoref,True,,47.0,45119.0,15.0,1.843
breast-cancer-wisconsin,7,40,1000,infogain,autoref,False,timeout dopo 300.0s,62.0,,,300.047
breast-cancer-wisconsin,5,40,1000,random_node,autoref,True,,47.0,9918.0,3865.0,151.766
breast-cancer-wisconsin,7,40,1000,pvalue,autoref,False,timeout dopo 300.0s,62.0,,,300.047
breast-cancer-wisconsin,7,40,1000,shapley,autoref,False,timeout dopo 300.0s,62.0,,,300.031
breast-cancer-wisconsin,10,40,1000,modal_var,autoref,False,timeout dopo 300.0s,79.0,,,300.047
breast-cancer-wisconsin,10,40,10000,infogain,autoref,False,timeout dopo 300.0s,79.0,,,300.031
breast-cancer-wisconsin,10,40,10000,shapley,autoref,False,timeout dopo 300.1s,79.0,,,300.062
breast-cancer-wisconsin,10,40,10000,pvalue,autoref,False,timeout dopo 300.0s,79.0,,,300.016
breast-cancer-wisconsin,6,40,1000,infogain,autoref,False,timeout dopo 300.0s,56.0,,,300.046
breast-cancer-wisconsin,5,40,10000,random_node,autoref,True,,47.0,45270.0,5.0,1.219
breast-cancer-wisconsin,6,40,1000,pvalue,autoref,False,timeout dopo 300.0s,56.0,,,300.031
breast-cancer-wisconsin,5,40,10000,modal_var,autoref,True,,47.0,44330.0,4.0,1.078
breast-cancer-wisconsin,10,40,1000,random_node,autoref,False,timeout dopo 300.0s,79.0,,,300.047
breast-cancer-wisconsin,6,40,1000,shapley,autoref,False,timeout dopo 300.0s,56.0,,,300.031
breast-cancer-wisconsin,5,40,100000,infogain,autoref,True,,47.0,100418.0,1.0,0.906
breast-cancer-wisconsin,7,40,10000,infogain,autoref,False,timeout dopo 300.0s,62.0,,,300.047
breast-cancer-wisconsin,7,40,10000,shapley,autoref,False,timeout dopo 300.1s,62.0,,,300.078
breast-cancer-wisconsin,7,40,1000,modal_var,autoref,False,timeout dopo 301.2s,62.0,,,301.204
breast-cancer-wisconsin,7,40,10000,pvalue,autoref,False,timeout dopo 300.0s,62.0,,,300.015
breast-cancer-wisconsin,6,40,1000,modal_var,autoref,True,,56.0,17235.0,1666.0,82.313
breast-cancer-wisconsin,5,40,100000,shapley,autoref,True,,47.0,100418.0,1.0,0.907
breast-cancer-wisconsin,10,40,10000,random_node,autoref,False,timeout dopo 300.5s,79.0,,,300.515
breast-cancer-wisconsin,10,40,10000,modal_var,autoref,False,timeout dopo 300.8s,79.0,,,300.781
breast-cancer-wisconsin,7,40,1000,random_node,autoref,False,timeout dopo 327.3s,62.0,,,327.359
breast-cancer-wisconsin,10,40,100000,infogain,autoref,False,timeout dopo 300.4s,79.0,,,300.375
breast-cancer-wisconsin,6,40,10000,shapley,autoref,False,timeout dopo 300.1s,56.0,,,300.063
breast-cancer-wisconsin,5,40,100000,pvalue,autoref,True,,47.0,100418.0,1.0,0.938
breast-cancer-wisconsin,6,40,10000,infogain,autoref,False,timeout dopo 300.0s,56.0,,,300.015
breast-cancer-wisconsin,5,40,100000,random_node,autoref,True,,47.0,100418.0,1.0,0.89
breast-cancer-wisconsin,6,40,10000,pvalue,autoref,False,timeout dopo 300.2s,56.0,,,300.156
breast-cancer-wisconsin,5,40,100000,modal_var,autoref,True,,47.0,100418.0,1.0,0.922
breast-cancer-wisconsin,10,40,100000,shapley,autoref,False,timeout dopo 300.1s,79.0,,,300.062
breast-cancer-wisconsin,7,40,10000,random_node,autoref,False,timeout dopo 301.9s,62.0,,,301.922
breast-cancer-wisconsin,7,40,10000,modal_var,autoref,False,timeout dopo 310.1s,62.0,,,310.063
breast-cancer-wisconsin,6,40,1000,random_node,autoref,False,timeout dopo 304.6s,56.0,,,304.64
bupa,5,98,1000,infogain,autoref,True,,28.0,2612.0,30.0,0.313
breast-cancer-wisconsin,6,40,10000,modal_var,autoref,True,,56.0,129939.0,57.0,36.015
bupa,5,98,1000,shapley,autoref,True,,28.0,2612.0,30.0,0.437
breast-cancer-wisconsin,7,40,100000,infogain,autoref,False,timeout dopo 301.0s,62.0,,,300.953
bupa,10,98,1000,infogain,autoref,True,,32.0,2607.0,5406.0,42.453
breast-cancer-wisconsin,6,40,100000,infogain,autoref,True,,56.0,1013385.0,3.0,14.484
bupa,5,98,1000,pvalue,autoref,True,,28.0,2612.0,30.0,0.312
bupa,10,98,1000,shapley,autoref,True,,32.0,2607.0,5406.0,52.875
bupa,10,98,1000,pvalue,autoref,True,,32.0,2607.0,5406.0,42.688
breast-cancer-wisconsin,10,40,100000,pvalue,autoref,False,timeout dopo 300.3s,79.0,,,300.328
breast-cancer-wisconsin,10,40,100000,random_node,autoref,False,timeout dopo 302.7s,79.0,,,302.703
breast-cancer-wisconsin,10,40,100000,modal_var,autoref,False,timeout dopo 301.0s,79.0,,,301.016
breast-cancer-wisconsin,7,40,100000,shapley,autoref,False,timeout dopo 300.8s,62.0,,,300.813
breast-cancer-wisconsin,6,40,100000,shapley,autoref,True,,56.0,1013385.0,3.0,14.422
bupa,5,98,1000,random_node,autoref,True,,28.0,2907.0,50.0,0.813
breast-cancer-wisconsin,6,40,10000,random_node,autoref,False,timeout dopo 305.2s,56.0,,,305.25
bupa,5,98,1000,modal_var,autoref,True,,28.0,2907.0,11.0,0.313
bupa,10,98,1000,modal_var,autoref,True,,32.0,2413.0,214.0,5.594
bupa,10,98,1000,random_node,autoref,True,,32.0,2853.0,1791.0,51.797
bupa,20,98,1000,infogain,autoref,False,timeout dopo 300.0s,35.0,,,300.015
bupa,20,98,1000,shapley,autoref,False,timeout dopo 300.0s,35.0,,,300.0
bupa,20,98,1000,pvalue,autoref,False,timeout dopo 300.1s,35.0,,,300.109
breast-cancer-wisconsin,7,40,100000,random_node,autoref,False,timeout dopo 310.8s,62.0,,,310.844
breast-cancer-wisconsin,7,40,100000,pvalue,autoref,False,timeout dopo 300.7s,62.0,,,300.719
breast-cancer-wisconsin,6,40,100000,pvalue,autoref,True,,56.0,1013385.0,3.0,16.75
bupa,5,98,10000,infogain,autoref,True,,28.0,8760.0,1.0,0.187
breast-cancer-wisconsin,7,40,100000,modal_var,autoref,False,hard kill dopo 360s (formula fuori dai check cooperativi),,,,360.0
bupa,10,98,10000,infogain,autoref,True,,32.0,14015.0,15.0,2.375
breast-cancer-wisconsin,6,40,100000,random_node,autoref,True,,56.0,1038560.0,4.0,28.766
bupa,5,98,10000,shapley,autoref,True,,28.0,8760.0,1.0,0.187
bupa,10,98,10000,shapley,autoref,True,,32.0,14015.0,15.0,2.391
breast-cancer-wisconsin,6,40,100000,modal_var,autoref,True,,56.0,898889.0,2.0,13.203
bupa,5,98,10000,pvalue,autoref,True,,28.0,8760.0,1.0,0.188
bupa,10,98,10000,pvalue,autoref,True,,32.0,14015.0,15.0,2.687
bupa,15,98,1000,infogain,autoref,True,,33.0,3263.0,10213.0,199.766
bupa,15,98,1000,shapley,autoref,True,,33.0,3263.0,10213.0,224.625
bupa,20,98,1000,modal_var,autoref,True,,35.0,2936.0,4060.0,290.703
bupa,15,98,1000,pvalue,autoref,True,,33.0,3263.0,10213.0,200.781
bupa,20,98,10000,shapley,autoref,True,,35.0,17651.0,335.0,102.468
bupa,20,98,1000,random_node,autoref,False,timeout dopo 300.7s,35.0,,,300.735
bupa,20,98,10000,infogain,autoref,True,,35.0,17651.0,335.0,102.172
bupa,20,98,10000,pvalue,autoref,True,,35.0,17651.0,335.0,99.64
bupa,17,98,1000,infogain,autoref,False,timeout dopo 300.0s,34.0,,,300.015
bupa,17,98,1000,shapley,autoref,False,timeout dopo 300.0s,34.0,,,300.015
bupa,30,98,1000,modal_var,autoref,False,timeout dopo 300.0s,36.0,,,300.015
bupa,17,98,1000,pvalue,autoref,False,timeout dopo 300.0s,34.0,,,300.016
bupa,15,98,1000,random_node,autoref,False,timeout dopo 300.2s,33.0,,,300.25
bupa,30,98,10000,shapley,autoref,False,timeout dopo 328.0s,36.0,,,327.984
bupa,30,98,10000,infogain,autoref,False,timeout dopo 325.0s,36.0,,,325.016
bupa,30,98,10000,pvalue,autoref,False,timeout dopo 329.5s,36.0,,,329.563
bupa,12,98,1000,random_node,autoref,True,,32.0,3233.0,2917.0,153.593
bupa,16,98,1000,infogain,autoref,True,,33.0,3220.0,12963.0,277.438
bupa,5,98,10000,random_node,autoref,True,,28.0,8760.0,1.0,0.187
bupa,10,98,10000,random_node,autoref,True,,32.0,14709.0,32.0,11.297
bupa,16,98,1000,shapley,autoref,False,timeout dopo 300.0s,33.0,,,300.015
bupa,5,98,10000,modal_var,autoref,True,,28.0,8760.0,1.0,0.187
bupa,10,98,10000,modal_var,autoref,True,,32.0,14015.0,7.0,2.266
bupa,16,98,1000,pvalue,autoref,True,,33.0,3220.0,12963.0,276.469
bupa,5,98,100000,infogain,autoref,True,,28.0,8760.0,1.0,0.203
bupa,10,98,100000,infogain,autoref,True,,32.0,43351.0,1.0,1.718
bupa,25,98,1000,modal_var,autoref,False,timeout dopo 300.0s,36.0,,,300.016
bupa,13,98,1000,random_node,autoref,True,,32.0,3024.0,2251.0,98.016
bupa,25,98,10000,shapley,autoref,False,timeout dopo 300.0s,36.0,,,300.032
bupa,20,98,100000,infogain,autoref,True,,35.0,113626.0,8.0,33.781
bupa,25,98,10000,infogain,autoref,False,timeout dopo 300.0s,36.0,,,300.015
bupa,25,98,10000,pvalue,autoref,False,timeout dopo 300.0s,36.0,,,300.016
bupa,20,98,10000,modal_var,autoref,True,,35.0,17651.0,117.0,86.078
bupa,22,98,10000,shapley,autoref,True,,36.0,17893.0,507.0,174.672
bupa,22,98,10000,infogain,autoref,True,,36.0,17893.0,507.0,174.797
bupa,22,98,10000,pvalue,autoref,True,,36.0,17893.0,507.0,174.422
bupa,20,98,10000,random_node,autoref,False,timeout dopo 304.6s,35.0,,,304.641
bupa,22,98,1000,modal_var,autoref,False,timeout dopo 300.0s,36.0,,,300.031
bupa,14,98,1000,random_node,autoref,True,,33.0,3313.0,4801.0,296.438
bupa,5,98,100000,shapley,autoref,True,,28.0,8760.0,1.0,0.187
bupa,10,98,100000,shapley,autoref,True,,32.0,43351.0,1.0,1.578
bupa,15,98,10000,random_node,autoref,True,,33.0,16472.0,77.0,44.656
bupa,20,98,100000,shapley,autoref,True,,35.0,113626.0,8.0,39.703
bupa,30,98,100000,infogain,autoref,False,timeout dopo 300.2s,36.0,,,300.156
bupa,23,98,10000,shapley,autoref,True,,36.0,17956.0,503.0,190.297
bupa,30,98,10000,modal_var,autoref,False,timeout dopo 303.7s,36.0,,,303.656
bupa,23,98,10000,infogain,autoref,True,,36.0,17956.0,503.0,187.75
bupa,23,98,10000,pvalue,autoref,True,,36.0,17956.0,503.0,186.969
bupa,17,98,10000,random_node,autoref,True,,34.0,17050.0,155.0,135.484
bupa,25,98,100000,infogain,autoref,True,,36.0,132244.0,19.0,147.609
bupa,21,98,1000,modal_var,autoref,False,timeout dopo 300.0s,35.0,,,300.031
bupa,5,98,100000,pvalue,autoref,True,,28.0,8760.0,1.0,0.203
bupa,10,98,100000,pvalue,autoref,True,,32.0,43351.0,1.0,1.672
bupa,30,98,100000,shapley,autoref,False,timeout dopo 300.1s,36.0,,,300.14
bupa,20,98,100000,pvalue,autoref,True,,35.0,113626.0,8.0,41.219
bupa,24,98,10000,shapley,autoref,False,timeout dopo 300.0s,36.0,,,300.015
bupa,5,98,100000,random_node,autoref,True,,28.0,8760.0,1.0,0.203
bupa,10,98,100000,random_node,autoref,True,,32.0,43351.0,1.0,1.671
bupa,25,98,10000,modal_var,autoref,True,,36.0,17833.0,232.0,270.953
bupa,27,98,100000,infogain,autoref,True,,36.0,135817.0,25.0,208.328
bupa,24,98,10000,infogain,autoref,False,timeout dopo 300.0s,36.0,,,300.047
bupa,5,98,100000,modal_var,autoref,True,,28.0,8760.0,1.0,0.187
bupa,10,98,100000,modal_var,autoref,True,,32.0,43351.0,1.0,1.735
bupa,24,98,10000,pvalue,autoref,False,timeout dopo 300.0s,36.0,,,300.047
bupa,25,98,100000,shapley,autoref,True,,36.0,132244.0,19.0,148.078
cloud,5,44,1000,infogain,autoref,True,,28.0,3824.0,1082.0,7.156
bupa,18,98,10000,random_node,autoref,False,timeout dopo 300.9s,35.0,,,300.875
cloud,5,44,1000,shapley,autoref,True,,28.0,3824.0,1082.0,8.719
bupa,20,98,100000,modal_var,autoref,True,,35.0,136126.0,6.0,42.985
bupa,20,98,100000,random_node,autoref,True,,35.0,139847.0,17.0,181.453
bupa,30,98,100000,pvalue,autoref,False,timeout dopo 300.4s,36.0,,,300.438
bupa,27,98,10000,modal_var,autoref,False,timeout dopo 300.0s,36.0,,,300.015
bupa,27,98,100000,shapley,autoref,True,,36.0,135817.0,25.0,210.422
bupa,28,98,100000,infogain,autoref,False,timeout dopo 300.3s,36.0,,,300.266
cloud,5,44,1000,pvalue,autoref,True,,28.0,3824.0,1082.0,6.906
cloud,10,44,1000,infogain,autoref,False,timeout dopo 300.0s,33.0,,,300.032
cloud,10,44,1000,shapley,autoref,False,timeout dopo 300.0s,33.0,,,300.015
bupa,25,98,100000,pvalue,autoref,True,,36.0,132244.0,19.0,148.079
bupa,30,98,100000,modal_var,autoref,False,timeout dopo 300.5s,36.0,,,300.547
cloud,7,44,1000,infogain,autoref,True,,31.0,3814.0,6931.0,57.984
bupa,30,98,100000,random_node,autoref,False,timeout dopo 300.6s,36.0,,,300.656
cloud,7,44,1000,shapley,autoref,True,,31.0,3814.0,6931.0,70.875
bupa,25,98,100000,modal_var,autoref,True,,36.0,126989.0,12.0,164.234
bupa,28,98,100000,shapley,autoref,False,timeout dopo 300.7s,36.0,,,300.703
cloud,5,44,1000,random_node,autoref,True,,28.0,3704.0,443.0,9.0
bupa,26,98,10000,modal_var,autoref,False,timeout dopo 303.7s,36.0,,,303.703
cloud,5,44,1000,modal_var,autoref,True,,28.0,4067.0,66.0,1.375
bupa,27,98,100000,pvalue,autoref,True,,36.0,135817.0,25.0,203.656
cloud,10,44,1000,pvalue,autoref,False,timeout dopo 300.0s,33.0,,,300.031
cloud,8,44,1000,infogain,autoref,True,,31.0,3985.0,19146.0,212.547
cloud,8,44,1000,shapley,autoref,True,,31.0,3985.0,19146.0,241.437
cloud,7,44,1000,pvalue,autoref,True,,31.0,3814.0,6931.0,61.265
bupa,25,98,100000,random_node,autoref,False,timeout dopo 315.5s,36.0,,,315.469
bupa,27,98,100000,modal_var,autoref,True,,36.0,127078.0,20.0,283.219
cloud,10,44,1000,random_node,autoref,False,timeout dopo 300.0s,33.0,,,300.031
cloud,8,44,1000,pvalue,autoref,True,,31.0,3985.0,19146.0,212.891
cloud,9,44,1000,infogain,autoref,False,timeout dopo 300.0s,32.0,,,300.031
cloud,5,44,10000,infogain,autoref,True,,28.0,28950.0,5.0,0.984
bupa,28,98,100000,pvalue,autoref,False,timeout dopo 300.6s,36.0,,,300.609
cloud,5,44,10000,shapley,autoref,True,,28.0,28950.0,5.0,0.968
cloud,10,44,1000,modal_var,autoref,False,timeout dopo 300.0s,33.0,,,300.016
cloud,7,44,1000,modal_var,autoref,True,,31.0,3356.0,997.0,23.25
cloud,9,44,1000,shapley,autoref,False,timeout dopo 300.0s,32.0,,,300.031
cloud,5,44,10000,pvalue,autoref,True,,28.0,28950.0,5.0,0.938
bupa,22,98,100000,random_node,autoref,False,timeout dopo 303.8s,36.0,,,303.828
cloud,8,44,1000,modal_var,autoref,True,,31.0,4084.0,4359.0,87.359
cloud,7,44,1000,random_node,autoref,True,,31.0,3914.0,5884.0,163.656
cloud,10,44,10000,shapley,autoref,True,,33.0,36265.0,1209.0,170.672
cloud,10,44,10000,infogain,autoref,True,,33.0,36265.0,1209.0,167.437
bupa,28,98,100000,modal_var,autoref,False,timeout dopo 300.3s,36.0,,,300.281
cloud,5,44,10000,random_node,autoref,True,,28.0,31365.0,9.0,2.235
cloud,10,44,10000,pvalue,autoref,True,,33.0,36265.0,1209.0,163.734
cloud,9,44,1000,pvalue,autoref,False,timeout dopo 300.0s,32.0,,,300.047
cloud,5,44,10000,modal_var,autoref,True,,28.0,31586.0,4.0,1.094
cloud,9,44,1000,modal_var,autoref,True,,32.0,3961.0,6667.0,155.204
cloud,5,44,100000,infogain,autoref,True,,28.0,68226.0,1.0,0.859
bupa,21,98,100000,random_node,autoref,True,,35.0,138533.0,20.0,222.719
cloud,5,44,100000,shapley,autoref,True,,28.0,68226.0,1.0,0.844
cloud,10,44,100000,infogain,autoref,True,,33.0,190525.0,55.0,68.688
cloud,10,44,100000,shapley,autoref,True,,33.0,190525.0,55.0,71.687
cloud,10,44,10000,modal_var,autoref,True,,33.0,28226.0,222.0,139.844
cloud,8,44,1000,random_node,autoref,False,timeout dopo 300.0s,31.0,,,300.031
cloud,5,44,100000,pvalue,autoref,True,,28.0,68226.0,1.0,0.875
cloud,20,44,10000,shapley,autoref,False,timeout dopo 300.1s,38.0,,,300.062
cloud,20,44,10000,infogain,autoref,False,timeout dopo 300.1s,38.0,,,300.078
cloud,20,44,10000,pvalue,autoref,False,timeout dopo 303.9s,38.0,,,303.937
cloud,10,44,100000,pvalue,autoref,True,,33.0,190525.0,55.0,74.688
cloud,10,44,10000,random_node,autoref,False,timeout dopo 306.2s,33.0,,,306.203
cloud,7,44,10000,random_node,autoref,True,,31.0,31524.0,83.0,30.281
cloud,20,44,100000,infogain,autoref,False,timeout dopo 300.1s,38.0,,,300.063
cloud,20,44,100000,shapley,autoref,False,timeout dopo 300.3s,38.0,,,300.328
cloud,15,44,10000,shapley,autoref,False,timeout dopo 300.0s,37.0,,,300.015
cloud,20,44,10000,modal_var,autoref,False,timeout dopo 300.0s,38.0,,,300.047
cloud,15,44,10000,infogain,autoref,False,timeout dopo 300.0s,37.0,,,300.031
cloud,15,44,10000,pvalue,autoref,False,timeout dopo 300.0s,37.0,,,300.016
cloud,20,44,100000,pvalue,autoref,False,timeout dopo 300.4s,38.0,,,300.438
cloud,8,44,10000,random_node,autoref,True,,31.0,34906.0,424.0,298.109
cloud,15,44,100000,infogain,autoref,False,timeout dopo 333.2s,37.0,,,333.172
cloud,12,44,10000,shapley,autoref,False,timeout dopo 300.0s,35.0,,,300.032
cloud,15,44,100000,shapley,autoref,False,timeout dopo 330.7s,37.0,,,330.703
cloud,15,44,10000,modal_var,autoref,False,timeout dopo 300.1s,37.0,,,300.093
cloud,12,44,10000,infogain,autoref,False,timeout dopo 300.0s,35.0,,,300.047
cloud,12,44,10000,pvalue,autoref,False,timeout dopo 300.0s,35.0,,,300.031
cloud,15,44,100000,pvalue,autoref,False,timeout dopo 329.2s,37.0,,,329.172
cloud,9,44,10000,random_node,autoref,False,timeout dopo 301.7s,32.0,,,301.687
cloud,5,44,100000,random_node,autoref,True,,28.0,68226.0,1.0,0.828
cloud,12,44,100000,shapley,autoref,True,,35.0,206393.0,191.0,276.797
cloud,11,44,10000,shapley,autoref,False,timeout dopo 300.0s,34.0,,,300.016
cloud,5,44,100000,modal_var,autoref,True,,28.0,68226.0,1.0,0.859
cloud,12,44,100000,infogain,autoref,True,,35.0,206393.0,191.0,276.907
cloud,12,44,10000,modal_var,autoref,False,timeout dopo 300.2s,35.0,,,300.156
cloud,10,44,100000,modal_var,autoref,True,,33.0,176697.0,16.0,68.532
cloud,11,44,10000,infogain,autoref,False,timeout dopo 300.0s,34.0,,,300.047
diabetes,5,68,1000,infogain,autoref,True,,34.0,3469.0,91.0,0.765
cloud,11,44,10000,pvalue,autoref,False,timeout dopo 300.0s,34.0,,,300.015
diabetes,5,68,1000,shapley,autoref,True,,34.0,3469.0,91.0,1.078
cloud,12,44,100000,pvalue,autoref,True,,35.0,206393.0,191.0,281.922
cloud,10,44,100000,random_node,autoref,False,timeout dopo 304.3s,33.0,,,304.328
cloud,7,44,100000,random_node,autoref,True,,31.0,139435.0,4.0,9.938
cloud,8,44,100000,random_node,autoref,True,,31.0,174948.0,11.0,35.046
cloud,13,44,100000,shapley,autoref,False,timeout dopo 300.2s,36.0,,,300.235
diabetes,5,68,1000,pvalue,autoref,True,,34.0,3469.0,91.0,0.797
cloud,13,44,100000,infogain,autoref,False,timeout dopo 300.0s,36.0,,,300.047
diabetes,5,68,1000,random_node,autoref,True,,34.0,4240.0,866.0,16.203
cloud,11,44,10000,modal_var,autoref,False,timeout dopo 301.2s,34.0,,,301.218
diabetes,5,68,1000,modal_var,autoref,True,,34.0,4489.0,140.0,2.109
cloud,20,44,100000,modal_var,autoref,False,timeout dopo 304.1s,38.0,,,304.063
diabetes,10,68,1000,infogain,autoref,False,timeout dopo 300.0s,42.0,,,300.032
cloud,9,44,100000,random_node,autoref,True,,32.0,164027.0,26.0,110.968
diabetes,5,68,10000,infogain,autoref,True,,34.0,14072.0,2.0,0.36
diabetes,10,68,10000,infogain,autoref,True,,42.0,28761.0,245.0,28.265
diabetes,10,68,1000,shapley,autoref,False,timeout dopo 300.0s,42.0,,,300.032
cloud,13,44,100000,pvalue,autoref,False,timeout dopo 300.1s,36.0,,,300.141
diabetes,5,68,10000,shapley,autoref,True,,34.0,14072.0,2.0,0.359
diabetes,10,68,10000,shapley,autoref,True,,42.0,28761.0,245.0,30.031
diabetes,7,68,1000,infogain,autoref,True,,40.0,4059.0,25763.0,118.734
diabetes,10,68,1000,pvalue,autoref,False,timeout dopo 300.0s,42.0,,,300.031
diabetes,10,68,1000,modal_var,autoref,True,,42.0,4729.0,5423.0,199.5
diabetes,10,68,1000,random_node,autoref,False,timeout dopo 311.2s,42.0,,,311.203
diabetes,7,68,1000,shapley,autoref,True,,40.0,4059.0,25763.0,216.297
diabetes,7,68,1000,pvalue,autoref,True,,40.0,4059.0,25763.0,120.672
cloud,15,44,100000,modal_var,autoref,False,timeout dopo 304.0s,37.0,,,304.031
diabetes,20,68,10000,infogain,autoref,False,timeout dopo 300.0s,47.0,,,300.032
diabetes,20,68,10000,shapley,autoref,False,timeout dopo 300.0s,47.0,,,300.016
diabetes,8,68,1000,infogain,autoref,False,timeout dopo 300.0s,41.0,,,300.031
diabetes,5,68,10000,pvalue,autoref,True,,34.0,14072.0,2.0,0.359
diabetes,10,68,10000,pvalue,autoref,True,,42.0,28761.0,245.0,30.328
diabetes,7,68,1000,random_node,autoref,True,,40.0,4665.0,7306.0,245.172
diabetes,20,68,1000,modal_var,autoref,False,timeout dopo 300.0s,47.0,,,300.031
cloud,12,44,100000,modal_var,autoref,True,,35.0,166287.0,28.0,193.969
diabetes,8,68,1000,shapley,autoref,False,timeout dopo 300.0s,41.0,,,300.016
diabetes,5,68,10000,random_node,autoref,True,,34.0,16670.0,3.0,0.64
diabetes,8,68,1000,pvalue,autoref,False,timeout dopo 300.0s,41.0,,,300.032
diabetes,5,68,10000,modal_var,autoref,True,,34.0,14115.0,4.0,0.734
diabetes,15,68,10000,infogain,autoref,False,timeout dopo 300.1s,44.0,,,300.063
diabetes,15,68,10000,shapley,autoref,False,timeout dopo 300.0s,44.0,,,300.016
diabetes,10,68,10000,modal_var,autoref,True,,42.0,26580.0,188.0,110.953
diabetes,20,68,10000,pvalue,autoref,False,timeout dopo 300.0s,47.0,,,300.031
diabetes,12,68,10000,infogain,autoref,True,,42.0,26575.0,874.0,98.156
cloud,13,44,100000,modal_var,autoref,True,,36.0,202273.0,37.0,265.031
diabetes,12,68,10000,shapley,autoref,True,,42.0,26575.0,874.0,102.375
diabetes,15,68,1000,modal_var,autoref,False,timeout dopo 323.7s,44.0,,,323.703
diabetes,8,68,1000,random_node,autoref,False,timeout dopo 300.0s,41.0,,,300.047
diabetes,5,68,100000,infogain,autoref,True,,34.0,21577.0,1.0,0.344
diabetes,10,68,100000,infogain,autoref,True,,42.0,133840.0,7.0,12.062
diabetes,10,68,10000,random_node,autoref,False,timeout dopo 301.0s,42.0,,,301.016
diabetes,13,68,10000,infogain,autoref,True,,42.0,26307.0,1058.0,129.547
diabetes,13,68,10000,shapley,autoref,True,,42.0,26307.0,1058.0,135.453
diabetes,7,68,10000,random_node,autoref,True,,40.0,22855.0,196.0,84.282
diabetes,20,68,10000,modal_var,autoref,False,timeout dopo 302.2s,47.0,,,302.235
diabetes,15,68,10000,pvalue,autoref,False,timeout dopo 300.0s,44.0,,,300.015
cloud,14,44,100000,modal_var,autoref,False,timeout dopo 308.2s,37.0,,,308.234
diabetes,5,68,100000,shapley,autoref,True,,34.0,21577.0,1.0,0.359
diabetes,10,68,100000,shapley,autoref,True,,42.0,133840.0,7.0,11.157
diabetes,12,68,1000,modal_var,autoref,False,timeout dopo 300.2s,42.0,,,300.219
diabetes,20,68,100000,infogain,autoref,False,timeout dopo 325.3s,47.0,,,325.265
diabetes,12,68,10000,pvalue,autoref,True,,42.0,26575.0,874.0,92.422
diabetes,14,68,10000,shapley,autoref,False,timeout dopo 300.0s,43.0,,,300.031
diabetes,5,68,100000,pvalue,autoref,True,,34.0,21577.0,1.0,0.375
diabetes,14,68,10000,infogain,autoref,True,,43.0,26897.0,2066.0,294.141
diabetes,5,68,100000,random_node,autoref,True,,34.0,21577.0,1.0,0.344
diabetes,10,68,100000,pvalue,autoref,True,,42.0,133840.0,7.0,10.094
diabetes,8,68,10000,random_node,autoref,False,timeout dopo 306.9s,41.0,,,306.937
diabetes,5,68,100000,modal_var,autoref,True,,34.0,21577.0,1.0,0.375
diabetes,15,68,100000,infogain,autoref,True,,44.0,147375.0,42.0,74.469
diabetes,10,68,100000,modal_var,autoref,True,,42.0,133840.0,6.0,20.75
diabetes,13,68,10000,pvalue,autoref,True,,42.0,26307.0,1058.0,117.906
diabetes,10,68,100000,random_node,autoref,True,,42.0,133840.0,20.0,69.844
diabetes,15,68,10000,modal_var,autoref,False,timeout dopo 300.8s,44.0,,,300.828
diabetes,20,68,100000,shapley,autoref,False,timeout dopo 300.1s,47.0,,,300.062
diabetes,11,68,1000,modal_var,autoref,False,timeout dopo 300.0s,42.0,,,300.031
ecoli,5,39,1000,infogain,autoref,True,,23.0,1844.0,50.0,0.531
diabetes,17,68,100000,infogain,autoref,True,,47.0,153949.0,76.0,215.953
diabetes,15,68,100000,shapley,autoref,True,,44.0,147375.0,42.0,79.375
diabetes,20,68,100000,pvalue,autoref,False,timeout dopo 307.2s,47.0,,,307.219
ecoli,10,39,1000,infogain,autoref,True,,26.0,2004.0,7997.0,108.234
diabetes,14,68,10000,pvalue,autoref,True,,43.0,26897.0,2066.0,290.61
diabetes,20,68,100000,modal_var,autoref,False,timeout dopo 301.4s,47.0,,,301.406
ecoli,5,39,1000,shapley,autoref,True,,23.0,1844.0,50.0,0.594
diabetes,12,68,10000,modal_var,autoref,True,,42.0,23843.0,271.0,259.828
diabetes,20,68,100000,random_node,autoref,False,timeout dopo 300.7s,47.0,,,300.703
diabetes,15,68,100000,pvalue,autoref,True,,44.0,147375.0,42.0,83.719
ecoli,10,39,1000,shapley,autoref,True,,26.0,2004.0,7997.0,110.906
diabetes,17,68,100000,shapley,autoref,True,,47.0,153949.0,76.0,231.39
diabetes,18,68,100000,infogain,autoref,False,timeout dopo 304.4s,47.0,,,304.359
ecoli,5,39,1000,pvalue,autoref,True,,23.0,1844.0,50.0,0.547
ecoli,20,39,1000,infogain,autoref,False,timeout dopo 300.0s,31.0,,,300.016
diabetes,15,68,100000,modal_var,autoref,True,,44.0,142316.0,28.0,253.984
diabetes,17,68,100000,pvalue,autoref,True,,47.0,153949.0,76.0,223.375
ecoli,10,39,1000,pvalue,autoref,True,,26.0,2004.0,7997.0,100.907
diabetes,13,68,10000,modal_var,autoref,False,timeout dopo 302.3s,42.0,,,302.313
ecoli,5,39,1000,random_node,autoref,True,,23.0,1844.0,53.0,0.953
diabetes,15,68,100000,random_node,autoref,False,timeout dopo 316.5s,44.0,,,316.531
ecoli,20,39,1000,shapley,autoref,False,timeout dopo 300.0s,31.0,,,300.016
diabetes,18,68,100000,shapley,autoref,False,timeout dopo 300.2s,47.0,,,300.234
ecoli,5,39,1000,modal_var,autoref,True,,23.0,1844.0,22.0,0.562
ecoli,10,39,1000,random_node,autoref,True,,26.0,2279.0,4560.0,97.579
ecoli,10,39,1000,modal_var,autoref,True,,26.0,2378.0,1388.0,30.406
diabetes,12,68,100000,random_node,autoref,True,,42.0,132881.0,22.0,116.687
ecoli,15,39,1000,infogain,autoref,False,timeout dopo 300.0s,30.0,,,300.031
diabetes,18,68,100000,pvalue,autoref,False,timeout dopo 307.2s,47.0,,,307.25
ecoli,5,39,10000,infogain,autoref,True,,23.0,4438.0,1.0,0.344
ecoli,10,39,10000,infogain,autoref,True,,26.0,13836.0,11.0,4.281
ecoli,20,39,1000,pvalue,autoref,False,timeout dopo 300.0s,31.0,,,300.016
diabetes,17,68,100000,modal_var,autoref,False,timeout dopo 304.0s,47.0,,,304.0
ecoli,15,39,1000,shapley,autoref,False,timeout dopo 300.0s,30.0,,,300.016
ecoli,20,39,1000,random_node,autoref,False,timeout dopo 300.0s,31.0,,,300.016
ecoli,20,39,1000,modal_var,autoref,False,timeout dopo 300.0s,31.0,,,300.016
diabetes,13,68,100000,random_node,autoref,False,timeout dopo 301.0s,42.0,,,300.984
ecoli,5,39,10000,shapley,autoref,True,,23.0,4438.0,1.0,0.359
ecoli,10,39,10000,shapley,autoref,True,,26.0,13836.0,11.0,4.297
ecoli,12,39,1000,infogain,autoref,False,timeout dopo 300.0s,28.0,,,300.016
ecoli,15,39,1000,pvalue,autoref,False,timeout dopo 300.0s,30.0,,,300.031
ecoli,20,39,10000,infogain,autoref,False,timeout dopo 300.0s,31.0,,,300.015
diabetes,16,68,100000,modal_var,autoref,False,timeout dopo 305.9s,44.0,,,305.89
ecoli,5,39,10000,pvalue,autoref,True,,23.0,4438.0,1.0,0.343
ecoli,10,39,10000,pvalue,autoref,True,,26.0,13836.0,11.0,4.094
ecoli,15,39,10000,infogain,autoref,True,,30.0,17802.0,236.0,47.391
ecoli,12,39,1000,shapley,autoref,False,timeout dopo 300.0s,28.0,,,300.015
ecoli,11,39,1000,infogain,autoref,True,,28.0,1999.0,14021.0,201.484
ecoli,15,39,1000,random_node,autoref,False,timeout dopo 300.0s,30.0,,,300.016
ecoli,5,39,10000,random_node,autoref,True,,23.0,4438.0,1.0,0.344
ecoli,15,39,1000,modal_var,autoref,False,timeout dopo 300.0s,30.0,,,300.016
ecoli,10,39,10000,random_node,autoref,True,,26.0,15980.0,34.0,12.265
ecoli,17,39,10000,infogain,autoref,True,,31.0,15830.0,487.0,125.391
ecoli,20,39,10000,shapley,autoref,False,timeout dopo 300.0s,31.0,,,300.031
ecoli,12,39,1000,modal_var,autoref,True,,28.0,2174.0,2871.0,70.593
ecoli,15,39,10000,shapley,autoref,True,,30.0,17802.0,236.0,46.578
ecoli,12,39,1000,pvalue,autoref,False,timeout dopo 300.0s,28.0,,,300.015
ecoli,11,39,1000,shapley,autoref,True,,28.0,1999.0,14021.0,219.828
ecoli,5,39,10000,modal_var,autoref,True,,23.0,4438.0,1.0,0.344
ecoli,10,39,10000,modal_var,autoref,True,,26.0,17194.0,11.0,6.125
ecoli,20,39,10000,pvalue,autoref,False,timeout dopo 300.0s,31.0,,,300.015
ecoli,13,39,1000,modal_var,autoref,True,,29.0,2248.0,5049.0,125.438
ecoli,18,39,10000,infogain,autoref,True,,31.0,16146.0,853.0,195.797
ecoli,17,39,10000,shapley,autoref,True,,31.0,15830.0,487.0,127.531
ecoli,15,39,10000,pvalue,autoref,True,,30.0,17802.0,236.0,48.047
ecoli,12,39,1000,random_node,autoref,False,timeout dopo 300.0s,28.0,,,300.031
ecoli,20,39,10000,random_node,autoref,False,timeout dopo 302.2s,31.0,,,302.219
ecoli,11,39,1000,pvalue,autoref,True,,28.0,1999.0,14021.0,204.516
ecoli,5,39,100000,infogain,autoref,True,,23.0,4438.0,1.0,0.343
ecoli,10,39,100000,infogain,autoref,True,,26.0,29747.0,1.0,3.39
ecoli,17,39,10000,pvalue,autoref,True,,31.0,15830.0,487.0,126.906
ecoli,20,39,100000,infogain,autoref,True,,31.0,161303.0,10.0,55.687
ecoli,18,39,10000,shapley,autoref,True,,31.0,16146.0,853.0,200.359
ecoli,20,39,10000,modal_var,autoref,False,timeout dopo 300.2s,31.0,,,300.204
ecoli,14,39,1000,modal_var,autoref,True,,30.0,2348.0,9905.0,269.781
ecoli,5,39,100000,shapley,autoref,True,,23.0,4438.0,1.0,0.359
ecoli,10,39,100000,shapley,autoref,True,,26.0,29747.0,1.0,3.515
ecoli,19,39,10000,infogain,autoref,True,,31.0,17841.0,1266.0,279.969
ecoli,5,39,100000,pvalue,autoref,True,,23.0,4438.0,1.0,0.36
ecoli,10,39,100000,pvalue,autoref,True,,26.0,29747.0,1.0,3.547
ecoli,15,39,10000,modal_var,autoref,True,,30.0,16774.0,96.0,61.14
ecoli,20,39,100000,shapley,autoref,True,,31.0,161303.0,10.0,58.344
ecoli,18,39,10000,pvalue,autoref,True,,31.0,16146.0,853.0,198.375
ecoli,20,39,100000,pvalue,autoref,True,,31.0,161303.0,10.0,55.813
ecoli,11,39,1000,random_node,autoref,True,,28.0,2061.0,11605.0,283.547
ecoli,5,39,100000,random_node,autoref,True,,23.0,4438.0,1.0,0.359
ecoli,10,39,100000,random_node,autoref,True,,26.0,29747.0,1.0,3.563
ecoli,15,39,10000,random_node,autoref,False,timeout dopo 300.6s,30.0,,,300.578
ecoli,12,39,10000,random_node,autoref,True,,28.0,15033.0,57.0,24.594
ecoli,19,39,10000,shapley,autoref,True,,31.0,17841.0,1266.0,288.015
ecoli,5,39,100000,modal_var,autoref,True,,23.0,4438.0,1.0,0.328
ecoli,17,39,10000,modal_var,autoref,True,,31.0,15281.0,188.0,161.015
ecoli,10,39,100000,modal_var,autoref,True,,26.0,29747.0,1.0,3.39
ecoli,30,39,100000,infogain,autoref,False,timeout dopo 300.3s,33.0,,,300.266
ecoli,13,39,10000,random_node,autoref,True,,29.0,15547.0,117.0,54.875
ecoli,20,39,100000,modal_var,autoref,True,,31.0,133224.0,12.0,109.328
ecoli,30,39,100000,shapley,autoref,False,timeout dopo 300.2s,33.0,,,300.203
ecoli,14,39,10000,random_node,autoref,True,,30.0,15988.0,205.0,121.828
ecoli,19,39,10000,pvalue,autoref,True,,31.0,17841.0,1266.0,288.5
ecoli,30,39,100000,pvalue,autoref,False,timeout dopo 300.3s,33.0,,,300.266
ecoli,20,39,100000,random_node,autoref,False,timeout dopo 304.4s,31.0,,,304.437
ecoli,15,39,100000,random_node,autoref,True,,30.0,101076.0,2.0,15.625
ecoli,25,39,100000,infogain,autoref,True,,31.0,186695.0,36.0,234.312
ecoli,17,39,100000,random_node,autoref,True,,31.0,123689.0,3.0,35.047
ecoli,18,39,10000,modal_var,autoref,False,timeout dopo 301.8s,31.0,,,301.844
ecoli,25,39,100000,shapley,autoref,True,,31.0,186695.0,36.0,235.485
ecoli,25,39,100000,pvalue,autoref,True,,31.0,186695.0,36.0,236.812
ecoli,30,39,100000,modal_var,autoref,False,timeout dopo 306.4s,33.0,,,306.359
factors,5,44,1000,infogain,autoref,False,timeout dopo 300.0s,234.0,,,300.094
factors,5,44,1000,shapley,autoref,False,timeout dopo 300.0s,234.0,,,300.015
ecoli,18,39,100000,random_node,autoref,True,,31.0,158366.0,26.0,182.5
ecoli,27,39,100000,infogain,autoref,False,timeout dopo 300.3s,32.0,,,300.343
factors,5,44,1000,pvalue,autoref,False,timeout dopo 300.0s,234.0,,,300.094
ecoli,27,39,100000,shapley,autoref,False,timeout dopo 300.8s,32.0,,,300.75
ecoli,19,39,100000,random_node,autoref,True,,31.0,158149.0,27.0,212.594
ecoli,27,39,100000,pvalue,autoref,False,timeout dopo 300.3s,32.0,,,300.313
factors,2,44,1000,infogain,autoref,False,timeout dopo 300.0s,117.0,,,300.031
factors,2,44,1000,shapley,autoref,False,timeout dopo 300.2s,117.0,,,300.172
factors,1,44,1000,infogain,autoref,True,,63.0,53783.0,1.0,1.063
factors,1,44,1000,shapley,autoref,True,,63.0,53783.0,1.0,1.062
ecoli,25,39,100000,modal_var,autoref,False,timeout dopo 307.1s,31.0,,,307.157
ecoli,26,39,100000,infogain,autoref,False,timeout dopo 300.0s,32.0,,,300.047
factors,2,44,1000,pvalue,autoref,False,timeout dopo 300.0s,117.0,,,300.015
factors,1,44,1000,pvalue,autoref,True,,63.0,53783.0,1.0,1.047
ecoli,26,39,100000,shapley,autoref,False,timeout dopo 300.5s,32.0,,,300.547
ecoli,22,39,100000,modal_var,autoref,True,,31.0,173731.0,20.0,233.578
factors,5,44,1000,random_node,autoref,False,timeout dopo 300.0s,234.0,,,300.031
ecoli,26,39,100000,pvalue,autoref,False,timeout dopo 300.4s,32.0,,,300.437
factors,5,44,10000,infogain,autoref,False,timeout dopo 300.1s,234.0,,,300.141
factors,5,44,1000,modal_var,autoref,False,timeout dopo 300.0s,234.0,,,300.016
factors,2,44,1000,modal_var,autoref,True,,117.0,415165.0,18.0,19.609
factors,5,44,10000,shapley,autoref,False,timeout dopo 300.6s,234.0,,,300.625
factors,5,44,10000,pvalue,autoref,False,timeout dopo 300.1s,234.0,,,300.125
ecoli,23,39,100000,modal_var,autoref,True,,31.0,179406.0,23.0,278.234
factors,5,44,10000,random_node,autoref,False,hard kill dopo 360s (formula fuori dai check cooperativi),,,,360.016
factors,2,44,1000,random_node,autoref,False,timeout dopo 302.2s,117.0,,,302.156
factors,1,44,1000,random_node,autoref,True,,63.0,53783.0,1.0,1.0
factors,2,44,10000,infogain,autoref,False,timeout dopo 302.1s,117.0,,,302.125
factors,1,44,10000,infogain,autoref,True,,63.0,53783.0,1.0,1.016
factors,5,44,10000,modal_var,autoref,False,hard kill dopo 360s (formula fuori dai check cooperativi),,,,360.0
factors,3,44,1000,modal_var,autoref,False,timeout dopo 323.4s,170.0,,,323.391
factors,2,44,10000,shapley,autoref,False,timeout dopo 323.2s,117.0,,,323.266
factors,1,44,10000,shapley,autoref,True,,63.0,53783.0,1.0,1.047
factors,2,44,10000,pvalue,autoref,False,timeout dopo 322.7s,117.0,,,322.703
factors,1,44,10000,pvalue,autoref,True,,63.0,53783.0,1.0,1.047
ecoli,24,39,100000,modal_var,autoref,False,timeout dopo 301.6s,31.0,,,301.641
factors,2,44,10000,random_node,autoref,False,hard kill dopo 360s (formula fuori dai check cooperativi),,,,360.015
factors,1,44,10000,random_node,autoref,True,,63.0,53783.0,1.0,1.063
factors,2,44,10000,modal_var,autoref,True,,117.0,4587141.0,6.0,277.75
factors,5,44,100000,infogain,autoref,False,hard kill dopo 360s (formula fuori dai check cooperativi),,,,360.0
factors,5,44,100000,shapley,autoref,False,hard kill dopo 360s (formula fuori dai check cooperativi),,,,360.015
factors,5,44,100000,pvalue,autoref,False,hard kill dopo 360s (formula fuori dai check cooperativi),,,,360.015
factors,5,44,100000,random_node,autoref,False,hard kill dopo 360s (formula fuori dai check cooperativi),,,,360.031
factors,5,44,100000,modal_var,autoref,False,hard kill dopo 360s (formula fuori dai check cooperativi),,,,360.015
fourier,5,90,1000,infogain,autoref,False,timeout dopo 300.0s,195.0,,,301.125
fourier,2,90,1000,infogain,autoref,True,,115.0,568333.0,1.0,5.532
fourier,5,90,1000,shapley,autoref,False,timeout dopo 300.0s,195.0,,,300.313
fourier,2,90,1000,shapley,autoref,True,,115.0,568333.0,1.0,7.656
factors,3,44,10000,modal_var,autoref,False,hard kill dopo 360s (formula fuori dai check cooperativi),,,,360.016
factors,2,44,100000,infogain,autoref,False,hard kill dopo 360s (formula fuori dai check cooperativi),,,,360.016
factors,1,44,100000,infogain,autoref,True,,63.0,53783.0,1.0,1.031
factors,2,44,100000,shapley,autoref,False,hard kill dopo 360s (formula fuori dai check cooperativi),,,,360.0
factors,1,44,100000,shapley,autoref,True,,63.0,53783.0,1.0,1.016
factors,2,44,100000,pvalue,autoref,False,hard kill dopo 360s (formula fuori dai check cooperativi),,,,360.031
factors,1,44,100000,pvalue,autoref,True,,63.0,53783.0,1.0,1.078
factors,2,44,100000,random_node,autoref,False,hard kill dopo 360s (formula fuori dai check cooperativi),,,,360.016
factors,1,44,100000,random_node,autoref,True,,63.0,53783.0,1.0,1.016
fourier,3,90,1000,infogain,autoref,False,timeout dopo 300.0s,149.0,,,300.047
factors,2,44,100000,modal_var,autoref,False,hard kill dopo 360s (formula fuori dai check cooperativi),,,,360.031
factors,1,44,100000,modal_var,autoref,True,,63.0,53783.0,1.0,1.032
fourier,3,90,1000,shapley,autoref,False,timeout dopo 300.3s,149.0,,,300.344
fourier,5,90,1000,pvalue,autoref,False,timeout dopo 300.0s,195.0,,,300.078
fourier,2,90,1000,pvalue,autoref,True,,115.0,568333.0,1.0,5.141
fourier,5,90,1000,random_node,autoref,False,timeout dopo 300.0s,195.0,,,300.031
fourier,5,90,1000,modal_var,autoref,False,timeout dopo 300.0s,195.0,,,300.047
fourier,2,90,1000,random_node,autoref,True,,115.0,568333.0,1.0,5.297
fourier,2,90,1000,modal_var,autoref,True,,115.0,568333.0,1.0,4.922
fourier,5,90,10000,infogain,autoref,False,timeout dopo 300.1s,195.0,,,300.141
fourier,2,90,10000,infogain,autoref,True,,115.0,568333.0,1.0,5.14
fourier,5,90,10000,shapley,autoref,False,timeout dopo 300.0s,195.0,,,300.062
fourier,2,90,10000,shapley,autoref,True,,115.0,568333.0,1.0,5.172
fourier,5,90,10000,pvalue,autoref,False,timeout dopo 300.1s,195.0,,,300.14
fourier,2,90,10000,pvalue,autoref,True,,115.0,568333.0,1.0,4.578
fourier,5,90,10000,random_node,autoref,False,timeout dopo 300.0s,195.0,,,300.015
fourier,2,90,10000,random_node,autoref,True,,115.0,568333.0,1.0,4.968
fourier,5,90,10000,modal_var,autoref,False,timeout dopo 301.5s,195.0,,,301.531
fourier,2,90,10000,modal_var,autoref,True,,115.0,568333.0,1.0,5.078
fourier,3,90,1000,pvalue,autoref,False,timeout dopo 300.0s,149.0,,,300.031
fourier,3,90,1000,modal_var,autoref,False,timeout dopo 300.0s,149.0,,,300.032
fourier,3,90,10000,modal_var,autoref,True,,149.0,640481.0,58.0,76.531
fourier,3,90,1000,random_node,autoref,False,timeout dopo 321.9s,149.0,,,321.906
fourier,3,90,10000,infogain,autoref,False,timeout dopo 300.5s,149.0,,,300.469
fourier,3,90,10000,shapley,autoref,False,timeout dopo 300.4s,149.0,,,300.39
fourier,3,90,10000,pvalue,autoref,False,timeout dopo 300.1s,149.0,,,300.109
glass,5,67,1000,infogain,autoref,True,,32.0,2506.0,1027.0,5.141
fourier,3,90,10000,random_node,autoref,False,timeout dopo 301.9s,149.0,,,301.859
glass,5,67,1000,shapley,autoref,True,,32.0,2506.0,1027.0,8.594
fourier,4,90,10000,modal_var,autoref,False,timeout dopo 300.2s,177.0,,,300.266
fourier,5,90,100000,infogain,autoref,False,hard kill dopo 360s (formula fuori dai check cooperativi),,,,360.0
glass,5,67,1000,pvalue,autoref,True,,32.0,2506.0,1027.0,5.079
fourier,2,90,100000,infogain,autoref,True,,115.0,568333.0,1.0,4.875
fourier,5,90,100000,shapley,autoref,False,hard kill dopo 360s (formula fuori dai check cooperativi),,,,360.0
fourier,2,90,100000,shapley,autoref,True,,115.0,568333.0,1.0,4.875
fourier,5,90,100000,pvalue,autoref,False,hard kill dopo 360s (formula fuori dai check cooperativi),,,,360.0
fourier,2,90,100000,pvalue,autoref,True,,115.0,568333.0,1.0,4.766
fourier,5,90,100000,random_node,autoref,False,hard kill dopo 360s (formula fuori dai check cooperativi),,,,360.0
fourier,2,90,100000,random_node,autoref,True,,115.0,568333.0,1.0,4.906
fourier,5,90,100000,modal_var,autoref,False,hard kill dopo 360s (formula fuori dai check cooperativi),,,,360.0
fourier,2,90,100000,modal_var,autoref,True,,115.0,568333.0,1.0,4.89
glass,10,67,1000,infogain,autoref,False,timeout dopo 300.0s,40.0,,,300.031
glass,10,67,1000,shapley,autoref,False,timeout dopo 300.0s,40.0,,,300.031
fourier,3,90,100000,modal_var,autoref,True,,149.0,2520355.0,2.0,52.875
glass,7,67,1000,infogain,autoref,True,,34.0,2669.0,13525.0,82.953
glass,10,67,1000,pvalue,autoref,False,timeout dopo 300.0s,40.0,,,300.016
glass,7,67,1000,shapley,autoref,True,,34.0,2669.0,13525.0,118.0
fourier,3,90,100000,shapley,autoref,False,timeout dopo 302.8s,149.0,,,302.781
glass,5,67,1000,random_node,autoref,True,,32.0,2058.0,133.0,1.89
fourier,3,90,100000,infogain,autoref,False,timeout dopo 308.4s,149.0,,,308.359
glass,5,67,1000,modal_var,autoref,True,,32.0,2266.0,64.0,1.078
fourier,3,90,100000,pvalue,autoref,False,timeout dopo 306.2s,149.0,,,306.203
glass,5,67,10000,infogain,autoref,True,,32.0,8115.0,1.0,0.375
glass,7,67,1000,pvalue,autoref,True,,34.0,2669.0,13525.0,84.453
fourier,3,90,100000,random_node,autoref,False,hard kill dopo 360s (formula fuori dai check cooperativi),,,,360.0
glass,5,67,10000,shapley,autoref,True,,32.0,8115.0,1.0,0.328
glass,8,67,1000,infogain,autoref,False,timeout dopo 300.0s,38.0,,,300.031
glass,5,67,10000,pvalue,autoref,True,,32.0,8115.0,1.0,0.359
fourier,4,90,100000,modal_var,autoref,False,hard kill dopo 360s (formula fuori dai check cooperativi),,,,360.016
glass,5,67,10000,random_node,autoref,True,,32.0,8115.0,1.0,0.359
glass,10,67,10000,infogain,autoref,True,,40.0,22616.0,2133.0,203.265
glass,8,67,1000,shapley,autoref,False,timeout dopo 300.0s,38.0,,,300.016
glass,5,67,10000,modal_var,autoref,True,,32.0,8115.0,1.0,0.375
glass,10,67,1000,modal_var,autoref,False,timeout dopo 300.0s,40.0,,,300.047
glass,10,67,1000,random_node,autoref,False,timeout dopo 300.0s,40.0,,,300.031
glass,10,67,10000,shapley,autoref,True,,40.0,22616.0,2133.0,215.609
glass,7,67,1000,modal_var,autoref,True,,34.0,2524.0,341.0,6.281
glass,8,67,1000,pvalue,autoref,False,timeout dopo 300.0s,38.0,,,300.032
glass,5,67,100000,infogain,autoref,True,,32.0,8115.0,1.0,0.359
glass,10,67,100000,infogain,autoref,True,,40.0,195056.0,3.0,12.469
glass,8,67,1000,modal_var,autoref,True,,38.0,2665.0,1482.0,31.375
glass,10,67,10000,modal_var,autoref,True,,40.0,23956.0,229.0,115.797
glass,10,67,10000,pvalue,autoref,True,,40.0,22616.0,2133.0,210.625
glass,7,67,1000,random_node,autoref,True,,34.0,2778.0,4675.0,90.469
glass,9,67,1000,modal_var,autoref,True,,39.0,2419.0,7084.0,141.859
glass,5,67,100000,shapley,autoref,True,,32.0,8115.0,1.0,0.359
glass,10,67,10000,random_node,autoref,False,timeout dopo 301.8s,40.0,,,301.797
glass,7,67,10000,random_node,autoref,True,,34.0,24584.0,9.0,2.047
glass,10,67,100000,shapley,autoref,True,,40.0,195056.0,3.0,12.187
glass,20,67,10000,infogain,autoref,False,timeout dopo 300.0s,49.0,,,300.016
glass,8,67,10000,random_node,autoref,True,,38.0,26160.0,110.0,35.609
glass,20,67,10000,shapley,autoref,False,timeout dopo 300.0s,49.0,,,300.016
glass,20,67,100000,infogain,autoref,False,timeout dopo 300.2s,49.0,,,300.25
glass,20,67,10000,pvalue,autoref,False,timeout dopo 300.0s,49.0,,,300.031
glass,20,67,10000,modal_var,autoref,False,timeout dopo 304.4s,49.0,,,304.375
glass,8,67,1000,random_node,autoref,False,timeout dopo 313.2s,38.0,,,313.234
glass,5,67,100000,pvalue,autoref,True,,32.0,8115.0,1.0,0.343
glass,10,67,100000,pvalue,autoref,True,,40.0,195056.0,3.0,11.75
glass,9,67,10000,random_node,autoref,True,,39.0,25292.0,389.0,191.313
glass,5,67,100000,random_node,autoref,True,,32.0,8115.0,1.0,0.328
glass,10,67,100000,random_node,autoref,True,,40.0,194484.0,6.0,23.25
glass,20,67,100000,shapley,autoref,False,timeout dopo 300.3s,49.0,,,300.328
glass,15,67,10000,infogain,autoref,False,timeout dopo 300.0s,44.0,,,300.031
glass,15,67,10000,shapley,autoref,False,timeout dopo 300.0s,44.0,,,300.031
glass,15,67,100000,infogain,autoref,False,timeout dopo 300.6s,44.0,,,300.578
glass,15,67,10000,pvalue,autoref,False,timeout dopo 300.0s,44.0,,,300.031
glass,15,67,10000,modal_var,autoref,False,timeout dopo 304.2s,44.0,,,304.203
glass,20,67,100000,pvalue,autoref,False,timeout dopo 305.4s,49.0,,,305.406
glass,12,67,100000,infogain,autoref,True,,42.0,249277.0,119.0,105.594
glass,15,67,100000,shapley,autoref,False,timeout dopo 300.0s,44.0,,,300.047
glass,20,67,100000,random_node,autoref,False,timeout dopo 301.0s,49.0,,,301.016
glass,12,67,10000,infogain,autoref,False,timeout dopo 300.0s,42.0,,,300.016
glass,12,67,10000,shapley,autoref,False,timeout dopo 300.0s,42.0,,,300.062
glass,12,67,100000,shapley,autoref,True,,42.0,249277.0,119.0,113.391
glass,12,67,10000,pvalue,autoref,False,timeout dopo 300.1s,42.0,,,300.079
glass,13,67,100000,infogain,autoref,True,,43.0,255487.0,186.0,213.64
glass,12,67,10000,modal_var,autoref,False,timeout dopo 300.4s,42.0,,,300.375
glass,15,67,100000,pvalue,autoref,False,timeout dopo 300.1s,44.0,,,300.109
glass,15,67,100000,random_node,autoref,False,timeout dopo 300.3s,44.0,,,300.313
glass,13,67,100000,shapley,autoref,True,,43.0,255487.0,186.0,214.391
glass,11,67,10000,infogain,autoref,False,timeout dopo 300.0s,42.0,,,300.047
glass,5,67,100000,modal_var,autoref,True,,32.0,8115.0,1.0,0.36
glass,11,67,10000,shapley,autoref,False,timeout dopo 300.0s,42.0,,,300.047
glass2,5,12,1000,infogain,autoref,True,,21.0,323.0,1.0,0.015
glass2,10,12,1000,infogain,autoref,True,,28.0,1425.0,13.0,0.235
glass2,12,12,1000,infogain,autoref,True,,29.0,1682.0,65.0,0.765
glass2,5,12,1000,shapley,autoref,True,,21.0,323.0,1.0,0.031
glass2,10,12,1000,shapley,autoref,True,,28.0,1425.0,13.0,0.25
glass2,12,12,1000,shapley,autoref,True,,29.0,1682.0,65.0,0.875
glass2,5,12,1000,pvalue,autoref,True,,21.0,323.0,1.0,0.032
glass2,10,12,1000,pvalue,autoref,True,,28.0,1425.0,13.0,0.234
glass2,12,12,1000,pvalue,autoref,True,,29.0,1682.0,65.0,0.75
glass2,5,12,1000,random_node,autoref,True,,21.0,323.0,1.0,0.031
glass2,10,12,1000,random_node,autoref,True,,28.0,1486.0,30.0,0.578
glass,10,67,100000,modal_var,autoref,True,,40.0,204506.0,10.0,40.016
glass2,12,12,1000,random_node,autoref,True,,29.0,1648.0,109.0,2.25
glass2,5,12,1000,modal_var,autoref,True,,21.0,323.0,1.0,0.015
glass2,10,12,1000,modal_var,autoref,True,,28.0,1425.0,10.0,0.25
glass2,12,12,1000,modal_var,autoref,True,,29.0,1648.0,40.0,0.891
glass2,5,12,10000,infogain,autoref,True,,21.0,323.0,1.0,0.016
glass2,10,12,10000,infogain,autoref,True,,28.0,5013.0,1.0,0.172
glass2,12,12,10000,infogain,autoref,True,,29.0,7986.0,1.0,0.328
glass2,5,12,10000,shapley,autoref,True,,21.0,323.0,1.0,0.031
glass2,10,12,10000,shapley,autoref,True,,28.0,5013.0,1.0,0.156
glass2,12,12,10000,shapley,autoref,True,,29.0,7986.0,1.0,0.313
glass2,5,12,10000,pvalue,autoref,True,,21.0,323.0,1.0,0.015
glass,12,67,100000,pvalue,autoref,True,,42.0,249277.0,119.0,116.391
glass2,10,12,10000,pvalue,autoref,True,,28.0,5013.0,1.0,0.172
glass2,12,12,10000,pvalue,autoref,True,,29.0,7986.0,1.0,0.343
glass2,5,12,10000,random_node,autoref,True,,21.0,323.0,1.0,0.016
glass2,10,12,10000,random_node,autoref,True,,28.0,5013.0,1.0,0.156
glass2,12,12,10000,random_node,autoref,True,,29.0,7986.0,1.0,0.328
glass2,5,12,10000,modal_var,autoref,True,,21.0,323.0,1.0,0.016
glass2,10,12,10000,modal_var,autoref,True,,28.0,5013.0,1.0,0.171
glass2,12,12,10000,modal_var,autoref,True,,29.0,7986.0,1.0,0.328
glass2,5,12,100000,infogain,autoref,True,,21.0,323.0,1.0,0.032
glass2,10,12,100000,infogain,autoref,True,,28.0,5013.0,1.0,0.156
glass2,12,12,100000,infogain,autoref,True,,29.0,7986.0,1.0,0.343
glass2,5,12,100000,shapley,autoref,True,,21.0,323.0,1.0,0.016
glass2,10,12,100000,shapley,autoref,True,,28.0,5013.0,1.0,0.172
glass2,12,12,100000,shapley,autoref,True,,29.0,7986.0,1.0,0.329
glass2,5,12,100000,pvalue,autoref,True,,21.0,323.0,1.0,0.016
glass2,10,12,100000,pvalue,autoref,True,,28.0,5013.0,1.0,0.171
glass2,12,12,100000,pvalue,autoref,True,,29.0,7986.0,1.0,0.313
glass2,5,12,100000,random_node,autoref,True,,21.0,323.0,1.0,0.016
glass2,10,12,100000,random_node,autoref,True,,28.0,5013.0,1.0,0.156
glass2,12,12,100000,random_node,autoref,True,,29.0,7986.0,1.0,0.328
glass2,5,12,100000,modal_var,autoref,True,,21.0,323.0,1.0,0.016
glass2,10,12,100000,modal_var,autoref,True,,28.0,5013.0,1.0,0.156
glass2,12,12,100000,modal_var,autoref,True,,29.0,7986.0,1.0,0.328
haberman,5,44,1000,infogain,autoref,True,,13.0,137.0,1.0,0.015
haberman,10,44,1000,infogain,autoref,True,,13.0,241.0,1.0,0.062
haberman,20,44,1000,infogain,autoref,True,,15.0,719.0,1.0,0.187
haberman,30,44,1000,infogain,autoref,True,,15.0,1008.0,2.0,0.359
haberman,44,44,1000,infogain,autoref,True,,15.0,1090.0,4.0,0.906
haberman,5,44,1000,shapley,autoref,True,,13.0,137.0,1.0,0.016
haberman,10,44,1000,shapley,autoref,True,,13.0,241.0,1.0,0.047
haberman,20,44,1000,shapley,autoref,True,,15.0,719.0,1.0,0.188
haberman,30,44,1000,shapley,autoref,True,,15.0,1008.0,2.0,0.375
haberman,44,44,1000,shapley,autoref,True,,15.0,1090.0,4.0,0.875
haberman,5,44,1000,pvalue,autoref,True,,13.0,137.0,1.0,0.015
haberman,10,44,1000,pvalue,autoref,True,,13.0,241.0,1.0,0.062
haberman,20,44,1000,pvalue,autoref,True,,15.0,719.0,1.0,0.188
haberman,30,44,1000,pvalue,autoref,True,,15.0,1008.0,2.0,0.36
haberman,44,44,1000,pvalue,autoref,True,,15.0,1090.0,4.0,0.921
haberman,5,44,1000,random_node,autoref,True,,13.0,137.0,1.0,0.015
haberman,10,44,1000,random_node,autoref,True,,13.0,241.0,1.0,0.047
haberman,20,44,1000,random_node,autoref,True,,15.0,719.0,1.0,0.188
haberman,30,44,1000,random_node,autoref,True,,15.0,1008.0,2.0,0.375
haberman,44,44,1000,random_node,autoref,True,,15.0,1090.0,4.0,0.953
haberman,5,44,1000,modal_var,autoref,True,,13.0,137.0,1.0,0.016
haberman,10,44,1000,modal_var,autoref,True,,13.0,241.0,1.0,0.063
haberman,20,44,1000,modal_var,autoref,True,,15.0,719.0,1.0,0.187
haberman,30,44,1000,modal_var,autoref,True,,15.0,1008.0,2.0,0.407
haberman,44,44,1000,modal_var,autoref,True,,15.0,1090.0,4.0,0.953
haberman,5,44,10000,infogain,autoref,True,,13.0,137.0,1.0,0.016
haberman,10,44,10000,infogain,autoref,True,,13.0,241.0,1.0,0.047
haberman,20,44,10000,infogain,autoref,True,,15.0,719.0,1.0,0.188
haberman,30,44,10000,infogain,autoref,True,,15.0,1166.0,1.0,0.344
haberman,44,44,10000,infogain,autoref,True,,15.0,1872.0,1.0,0.797
haberman,5,44,10000,shapley,autoref,True,,13.0,137.0,1.0,0.015
haberman,10,44,10000,shapley,autoref,True,,13.0,241.0,1.0,0.063
haberman,20,44,10000,shapley,autoref,True,,15.0,719.0,1.0,0.203
haberman,30,44,10000,shapley,autoref,True,,15.0,1166.0,1.0,0.344
haberman,44,44,10000,shapley,autoref,True,,15.0,1872.0,1.0,0.781
haberman,5,44,10000,pvalue,autoref,True,,13.0,137.0,1.0,0.016
haberman,10,44,10000,pvalue,autoref,True,,13.0,241.0,1.0,0.062
haberman,20,44,10000,pvalue,autoref,True,,15.0,719.0,1.0,0.187
haberman,30,44,10000,pvalue,autoref,True,,15.0,1166.0,1.0,0.375
glass,11,67,10000,pvalue,autoref,False,timeout dopo 300.1s,42.0,,,300.078
haberman,5,44,10000,random_node,autoref,True,,13.0,137.0,1.0,0.016
haberman,44,44,10000,pvalue,autoref,True,,15.0,1872.0,1.0,0.844
haberman,10,44,10000,random_node,autoref,True,,13.0,241.0,1.0,0.062
haberman,5,44,10000,modal_var,autoref,True,,13.0,137.0,1.0,0.016
haberman,10,44,10000,modal_var,autoref,True,,13.0,241.0,1.0,0.063
haberman,20,44,10000,random_node,autoref,True,,15.0,719.0,1.0,0.188
haberman,20,44,10000,modal_var,autoref,True,,15.0,719.0,1.0,0.187
haberman,30,44,10000,random_node,autoref,True,,15.0,1166.0,1.0,0.329
haberman,30,44,10000,modal_var,autoref,True,,15.0,1166.0,1.0,0.328
haberman,44,44,10000,random_node,autoref,True,,15.0,1872.0,1.0,0.781
haberman,5,44,100000,infogain,autoref,True,,13.0,137.0,1.0,0.016
haberman,44,44,10000,modal_var,autoref,True,,15.0,1872.0,1.0,0.781
haberman,10,44,100000,infogain,autoref,True,,13.0,241.0,1.0,0.047
haberman,5,44,100000,shapley,autoref,True,,13.0,137.0,1.0,0.015
haberman,10,44,100000,shapley,autoref,True,,13.0,241.0,1.0,0.047
haberman,20,44,100000,infogain,autoref,True,,15.0,719.0,1.0,0.188
haberman,20,44,100000,shapley,autoref,True,,15.0,719.0,1.0,0.188
haberman,30,44,100000,infogain,autoref,True,,15.0,1166.0,1.0,0.328
haberman,30,44,100000,shapley,autoref,True,,15.0,1166.0,1.0,0.343
haberman,44,44,100000,infogain,autoref,True,,15.0,1872.0,1.0,0.797
haberman,5,44,100000,pvalue,autoref,True,,13.0,137.0,1.0,0.016
haberman,44,44,100000,shapley,autoref,True,,15.0,1872.0,1.0,0.782
haberman,10,44,100000,pvalue,autoref,True,,13.0,241.0,1.0,0.047
haberman,5,44,100000,random_node,autoref,True,,13.0,137.0,1.0,0.016
haberman,10,44,100000,random_node,autoref,True,,13.0,241.0,1.0,0.047
haberman,20,44,100000,pvalue,autoref,True,,15.0,719.0,1.0,0.188
haberman,20,44,100000,random_node,autoref,True,,15.0,719.0,1.0,0.204
haberman,30,44,100000,pvalue,autoref,True,,15.0,1166.0,1.0,0.36
haberman,30,44,100000,random_node,autoref,True,,15.0,1166.0,1.0,0.328
haberman,44,44,100000,pvalue,autoref,True,,15.0,1872.0,1.0,0.797
haberman,5,44,100000,modal_var,autoref,True,,13.0,137.0,1.0,0.015
haberman,44,44,100000,random_node,autoref,True,,15.0,1872.0,1.0,0.766
haberman,10,44,100000,modal_var,autoref,True,,13.0,241.0,1.0,0.063
heart-c,5,33,1000,infogain,autoref,True,,26.0,1577.0,4.0,0.047
haberman,20,44,100000,modal_var,autoref,True,,15.0,719.0,1.0,0.188
haberman,30,44,100000,modal_var,autoref,True,,15.0,1166.0,1.0,0.344
haberman,44,44,100000,modal_var,autoref,True,,15.0,1872.0,1.0,0.766
heart-c,5,33,1000,shapley,autoref,True,,26.0,1577.0,4.0,0.047
heart-c,10,33,1000,infogain,autoref,True,,32.0,2029.0,1204.0,11.453
heart-c,10,33,1000,shapley,autoref,True,,32.0,2029.0,1204.0,16.265
glass,14,67,100000,infogain,autoref,False,timeout dopo 322.5s,44.0,,,322.531
heart-c,5,33,1000,pvalue,autoref,True,,26.0,1577.0,4.0,0.047
glass,11,67,10000,modal_var,autoref,False,timeout dopo 301.2s,42.0,,,301.203
heart-c,5,33,1000,random_node,autoref,True,,26.0,1577.0,3.0,0.047
heart-c,10,33,1000,pvalue,autoref,True,,32.0,2029.0,1204.0,10.671
heart-c,10,33,1000,random_node,autoref,True,,32.0,2029.0,457.0,10.422
glass,12,67,100000,random_node,autoref,False,timeout dopo 312.6s,42.0,,,312.578
glass,14,67,100000,shapley,autoref,False,timeout dopo 321.7s,44.0,,,321.719
heart-c,5,33,1000,modal_var,autoref,True,,26.0,1577.0,2.0,0.046
heart-c,10,33,1000,modal_var,autoref,True,,32.0,2029.0,55.0,1.172
glass,13,67,100000,pvalue,autoref,True,,43.0,255487.0,186.0,225.906
glass,20,67,100000,modal_var,autoref,False,timeout dopo 303.8s,49.0,,,303.75
heart-c,20,33,1000,modal_var,autoref,True,,35.0,2612.0,1462.0,55.954
glass,11,67,100000,random_node,autoref,True,,42.0,193195.0,37.0,127.547
heart-c,5,33,10000,infogain,autoref,True,,26.0,1577.0,1.0,0.047
heart-c,10,33,10000,infogain,autoref,True,,32.0,16826.0,6.0,1.031
heart-c,20,33,1000,infogain,autoref,False,timeout dopo 300.0s,35.0,,,300.015
heart-c,20,33,1000,shapley,autoref,False,timeout dopo 300.0s,35.0,,,300.015
heart-c,20,33,10000,infogain,autoref,True,,35.0,18904.0,240.0,62.954
heart-c,20,33,1000,pvalue,autoref,False,timeout dopo 300.0s,35.0,,,300.031
heart-c,20,33,1000,random_node,autoref,False,timeout dopo 300.0s,35.0,,,300.031
glass,14,67,100000,pvalue,autoref,False,timeout dopo 300.1s,44.0,,,300.063
heart-c,5,33,10000,shapley,autoref,True,,26.0,1577.0,1.0,0.047
heart-c,10,33,10000,shapley,autoref,True,,32.0,16826.0,6.0,0.938
heart-c,15,33,1000,random_node,autoref,True,,34.0,2728.0,2104.0,89.047
heart-c,30,33,1000,modal_var,autoref,True,,37.0,2484.0,3108.0,264.828
glass,15,67,100000,modal_var,autoref,False,timeout dopo 302.1s,44.0,,,302.14
heart-c,20,33,10000,shapley,autoref,True,,35.0,18904.0,240.0,67.344
heart-c,15,33,1000,infogain,autoref,True,,34.0,2728.0,15405.0,218.547
heart-c,15,33,1000,shapley,autoref,True,,34.0,2728.0,15405.0,259.547
heart-c,15,33,1000,pvalue,autoref,True,,34.0,2728.0,15405.0,217.281
heart-c,30,33,10000,infogain,autoref,False,timeout dopo 300.0s,37.0,,,300.016
heart-c,17,33,1000,random_node,autoref,True,,34.0,2656.0,3157.0,198.484
heart-c,33,33,1000,modal_var,autoref,False,timeout dopo 300.0s,37.0,,,300.016
heart-c,30,33,10000,shapley,autoref,False,timeout dopo 300.0s,37.0,,,300.031
glass,12,67,100000,modal_var,autoref,True,,42.0,191257.0,50.0,288.39
heart-c,17,33,1000,infogain,autoref,False,timeout dopo 300.0s,34.0,,,300.016
heart-c,25,33,10000,infogain,autoref,True,,35.0,16173.0,506.0,181.468
heart-c,17,33,1000,shapley,autoref,False,timeout dopo 300.0s,34.0,,,300.016
heart-c,17,33,1000,pvalue,autoref,False,timeout dopo 300.0s,34.0,,,300.016
heart-c,25,33,10000,shapley,autoref,True,,35.0,16173.0,506.0,178.922
heart-c,18,33,1000,random_node,autoref,False,timeout dopo 319.0s,34.0,,,319.063
heart-c,5,33,10000,pvalue,autoref,True,,26.0,1577.0,1.0,0.047
heart-c,10,33,10000,pvalue,autoref,True,,32.0,16826.0,6.0,0.921
heart-c,20,33,10000,pvalue,autoref,True,,35.0,18904.0,240.0,65.187
heart-c,16,33,1000,infogain,autoref,False,timeout dopo 300.0s,34.0,,,300.031
heart-c,5,33,10000,random_node,autoref,True,,26.0,1577.0,1.0,0.047
heart-c,31,33,1000,modal_var,autoref,True,,37.0,2598.0,2994.0,283.062
heart-c,10,33,10000,random_node,autoref,True,,32.0,16826.0,12.0,2.671
glass,13,67,100000,modal_var,autoref,False,timeout dopo 328.8s,43.0,,,328.781
heart-c,5,33,10000,modal_var,autoref,True,,26.0,1577.0,1.0,0.031
heart-c,10,33,10000,modal_var,autoref,True,,32.0,16826.0,4.0,0.921
heart-c,16,33,1000,shapley,autoref,False,timeout dopo 300.0s,34.0,,,300.016
heart-c,5,33,100000,infogain,autoref,True,,26.0,1577.0,1.0,0.047
heart-c,10,33,100000,infogain,autoref,True,,32.0,31719.0,1.0,0.718
heart-c,16,33,1000,pvalue,autoref,False,timeout dopo 300.0s,34.0,,,300.031
heart-c,5,33,100000,shapley,autoref,True,,26.0,1577.0,1.0,0.047
heart-c,10,33,100000,shapley,autoref,True,,32.0,31719.0,1.0,0.703
heart-c,27,33,10000,infogain,autoref,False,timeout dopo 300.0s,36.0,,,300.016
heart-c,20,33,100000,infogain,autoref,True,,35.0,123100.0,4.0,23.125
heart-c,20,33,100000,shapley,autoref,True,,35.0,123100.0,4.0,23.813
heart-c,20,33,10000,modal_var,autoref,True,,35.0,18753.0,81.0,52.25
heart-c,27,33,10000,shapley,autoref,False,timeout dopo 300.0s,36.0,,,300.016
heart-c,30,33,10000,pvalue,autoref,False,timeout dopo 300.1s,37.0,,,300.063
heart-c,30,33,10000,modal_var,autoref,True,,37.0,15264.0,129.0,193.625
heart-c,32,33,1000,modal_var,autoref,False,timeout dopo 326.0s,37.0,,,326.032
heart-c,5,33,100000,pvalue,autoref,True,,26.0,1577.0,1.0,0.046
heart-c,20,33,10000,random_node,autoref,False,timeout dopo 302.6s,35.0,,,302.594
heart-c,10,33,100000,pvalue,autoref,True,,32.0,31719.0,1.0,0.703
heart-c,30,33,100000,shapley,autoref,True,,37.0,123700.0,64.0,277.859
heart-c,30,33,100000,infogain,autoref,True,,37.0,123700.0,64.0,275.5
heart-c,20,33,100000,pvalue,autoref,True,,35.0,123100.0,4.0,23.172
heart-c,26,33,10000,infogain,autoref,True,,35.0,16143.0,898.0,295.593
heart-c,5,33,100000,random_node,autoref,True,,26.0,1577.0,1.0,0.047
heart-c,10,33,100000,random_node,autoref,True,,32.0,31719.0,1.0,0.703
heart-c,15,33,10000,random_node,autoref,True,,34.0,18114.0,83.0,40.812
heart-c,20,33,100000,random_node,autoref,True,,35.0,125045.0,6.0,42.687
heart-c,26,33,10000,shapley,autoref,True,,35.0,16143.0,898.0,297.797
heart-c,5,33,100000,modal_var,autoref,True,,26.0,1577.0,1.0,0.047
heart-c,10,33,100000,modal_var,autoref,True,,32.0,31719.0,1.0,0.718
heart-c,25,33,10000,pvalue,autoref,True,,35.0,16173.0,506.0,174.657
heart-c,20,33,100000,modal_var,autoref,True,,35.0,123100.0,2.0,16.546
heart-c,17,33,10000,random_node,autoref,True,,34.0,16806.0,147.0,111.313
heart-c,30,33,100000,modal_var,autoref,True,,37.0,112996.0,6.0,72.531
heart-c,33,33,10000,modal_var,autoref,False,timeout dopo 332.1s,37.0,,,332.141
heart-c,33,33,100000,shapley,autoref,False,timeout dopo 300.1s,37.0,,,300.093
heart-c,30,33,100000,pvalue,autoref,True,,37.0,123700.0,64.0,275.891
heart-c,33,33,100000,infogain,autoref,False,timeout dopo 300.2s,37.0,,,300.234
heart-c,18,33,10000,random_node,autoref,True,,34.0,18845.0,188.0,154.437
heart-c,30,33,100000,random_node,autoref,False,timeout dopo 300.3s,37.0,,,300.344
heart-c,27,33,10000,pvalue,autoref,False,timeout dopo 300.0s,36.0,,,300.016
heart-c,33,33,100000,modal_var,autoref,True,,37.0,123533.0,12.0,182.485
heart-h,5,39,1000,infogain,autoref,True,,21.0,245.0,1.0,0.031
heart-h,10,39,1000,infogain,autoref,True,,27.0,1226.0,25.0,0.203
heart-h,20,39,1000,infogain,autoref,True,,32.0,1581.0,298.0,6.953
heart-c,31,33,10000,modal_var,autoref,True,,37.0,15348.0,137.0,184.016
heart-h,30,39,1000,infogain,autoref,True,,33.0,1477.0,3854.0,73.047
heart-c,25,33,100000,random_node,autoref,True,,35.0,128253.0,11.0,112.859
heart-c,19,33,10000,random_node,autoref,True,,35.0,18601.0,203.0,207.156
heart-h,5,39,1000,shapley,autoref,True,,21.0,245.0,1.0,0.032
heart-h,10,39,1000,shapley,autoref,True,,27.0,1226.0,25.0,0.266
heart-h,20,39,1000,shapley,autoref,True,,32.0,1581.0,298.0,7.141
heart-c,31,33,100000,shapley,autoref,True,,37.0,123871.0,64.0,276.547
heart-c,31,33,100000,infogain,autoref,True,,37.0,123871.0,64.0,281.438
heart-c,33,33,100000,pvalue,autoref,False,timeout dopo 300.1s,37.0,,,300.109
heart-h,30,39,1000,shapley,autoref,True,,33.0,1477.0,3854.0,84.766
heart-c,32,33,10000,modal_var,autoref,True,,37.0,15336.0,144.0,222.703
heart-h,5,39,1000,pvalue,autoref,True,,21.0,245.0,1.0,0.015
heart-h,10,39,1000,pvalue,autoref,True,,27.0,1226.0,25.0,0.203
heart-h,20,39,1000,pvalue,autoref,True,,32.0,1581.0,298.0,7.156
heart-c,26,33,10000,pvalue,autoref,True,,35.0,16143.0,898.0,290.75
heart-h,5,39,1000,random_node,autoref,True,,21.0,245.0,1.0,0.016
heart-h,10,39,1000,random_node,autoref,True,,27.0,1329.0,10.0,0.203
heart-h,20,39,1000,random_node,autoref,True,,32.0,1675.0,58.0,2.453
heart-c,27,33,100000,random_node,autoref,True,,36.0,125552.0,17.0,207.469
heart-h,30,39,1000,pvalue,autoref,True,,33.0,1477.0,3854.0,72.078
heart-h,30,39,1000,random_node,autoref,True,,33.0,1687.0,495.0,37.156
heart-h,39,39,1000,infogain,autoref,False,timeout dopo 300.0s,34.0,,,300.016
heart-c,32,33,100000,shapley,autoref,False,timeout dopo 300.0s,37.0,,,300.031
heart-h,5,39,1000,modal_var,autoref,True,,21.0,245.0,1.0,0.016
heart-h,10,39,1000,modal_var,autoref,True,,27.0,1179.0,3.0,0.109
heart-h,20,39,1000,modal_var,autoref,True,,32.0,1480.0,31.0,1.531
heart-h,30,39,1000,modal_var,autoref,True,,33.0,1477.0,163.0,10.75
heart-c,31,33,100000,pvalue,autoref,True,,37.0,123871.0,64.0,286.281
heart-h,39,39,1000,modal_var,autoref,True,,34.0,1670.0,313.0,29.109
heart-h,5,39,10000,infogain,autoref,True,,21.0,245.0,1.0,0.031
heart-h,10,39,10000,infogain,autoref,True,,27.0,2726.0,1.0,0.11
heart-h,20,39,10000,infogain,autoref,True,,32.0,10488.0,3.0,1.0
heart-h,30,39,10000,infogain,autoref,True,,33.0,13869.0,64.0,8.282
heart-c,32,33,100000,infogain,autoref,False,timeout dopo 300.1s,37.0,,,300.125
heart-h,5,39,10000,shapley,autoref,True,,21.0,245.0,1.0,0.016
heart-h,10,39,10000,shapley,autoref,True,,27.0,2726.0,1.0,0.109
heart-h,20,39,10000,shapley,autoref,True,,32.0,10488.0,3.0,0.954
heart-h,39,39,1000,shapley,autoref,False,timeout dopo 300.0s,34.0,,,300.031
heart-h,39,39,1000,random_node,autoref,True,,34.0,1670.0,1340.0,148.015
heart-h,5,39,10000,pvalue,autoref,True,,21.0,245.0,1.0,0.031
heart-h,10,39,10000,pvalue,autoref,True,,27.0,2726.0,1.0,0.109
heart-h,30,39,10000,shapley,autoref,True,,33.0,13869.0,64.0,9.078
heart-h,20,39,10000,pvalue,autoref,True,,32.0,10488.0,3.0,0.969
heart-h,30,39,10000,pvalue,autoref,True,,33.0,13869.0,64.0,8.969
heart-h,34,39,1000,infogain,autoref,True,,33.0,1572.0,4872.0,140.375
heart-h,39,39,10000,infogain,autoref,True,,34.0,13499.0,130.0,44.188
heart-h,5,39,10000,random_node,autoref,True,,21.0,245.0,1.0,0.031
heart-h,10,39,10000,random_node,autoref,True,,27.0,2726.0,1.0,0.094
heart-h,20,39,10000,random_node,autoref,True,,32.0,10762.0,2.0,1.031
heart-h,39,39,10000,shapley,autoref,True,,34.0,13499.0,130.0,43.641
heart-h,5,39,10000,modal_var,autoref,True,,21.0,245.0,1.0,0.016
heart-h,10,39,10000,modal_var,autoref,True,,27.0,2726.0,1.0,0.11
heart-h,20,39,10000,modal_var,autoref,True,,32.0,10488.0,2.0,0.859
heart-h,30,39,10000,modal_var,autoref,True,,33.0,11373.0,5.0,2.672
heart-h,30,39,10000,random_node,autoref,True,,33.0,13878.0,22.0,13.375
heart-h,39,39,10000,pvalue,autoref,True,,34.0,13499.0,130.0,40.172
heart-h,5,39,100000,infogain,autoref,True,,21.0,245.0,1.0,0.015
heart-c,28,33,100000,random_node,autoref,True,,36.0,128907.0,15.0,219.25
heart-h,10,39,100000,infogain,autoref,True,,27.0,2726.0,1.0,0.11
heart-h,20,39,100000,infogain,autoref,True,,32.0,14464.0,1.0,0.938
heart-h,39,39,10000,modal_var,autoref,True,,34.0,15132.0,12.0,10.469
heart-h,5,39,100000,shapley,autoref,True,,21.0,245.0,1.0,0.016
heart-h,10,39,100000,shapley,autoref,True,,27.0,2726.0,1.0,0.109
heart-h,30,39,100000,infogain,autoref,True,,33.0,47467.0,1.0,3.641
heart-h,20,39,100000,shapley,autoref,True,,32.0,14464.0,1.0,0.969
heart-h,30,39,100000,shapley,autoref,True,,33.0,47467.0,1.0,3.766
heart-h,39,39,10000,random_node,autoref,True,,34.0,15714.0,34.0,22.312
heart-h,39,39,100000,infogain,autoref,True,,34.0,84360.0,1.0,9.828
heart-h,5,39,100000,pvalue,autoref,True,,21.0,245.0,1.0,0.016
heart-h,5,39,100000,random_node,autoref,True,,21.0,245.0,1.0,0.016
heart-h,10,39,100000,pvalue,autoref,True,,27.0,2726.0,1.0,0.109
heart-h,10,39,100000,random_node,autoref,True,,27.0,2726.0,1.0,0.109
heart-h,20,39,100000,pvalue,autoref,True,,32.0,14464.0,1.0,1.0
heart-h,20,39,100000,random_node,autoref,True,,32.0,14464.0,1.0,0.953
heart-h,39,39,100000,shapley,autoref,True,,34.0,84360.0,1.0,9.781
heart-h,5,39,100000,modal_var,autoref,True,,21.0,245.0,1.0,0.016
heart-h,10,39,100000,modal_var,autoref,True,,27.0,2726.0,1.0,0.141
heart-h,30,39,100000,pvalue,autoref,True,,33.0,47467.0,1.0,3.765
heart-h,30,39,100000,random_node,autoref,True,,33.0,47467.0,1.0,3.75
heart-h,20,39,100000,modal_var,autoref,True,,32.0,14464.0,1.0,0.954
heart-h,30,39,100000,modal_var,autoref,True,,33.0,47467.0,1.0,3.797
heart-h,39,39,100000,pvalue,autoref,True,,34.0,84360.0,1.0,9.938
heart-h,39,39,100000,random_node,autoref,True,,34.0,84360.0,1.0,9.829
heart-sa,5,48,1000,infogain,autoref,True,,26.0,1340.0,1.0,0.047
heart-sa,5,48,1000,shapley,autoref,True,,26.0,1340.0,1.0,0.031
heart-h,39,39,100000,modal_var,autoref,True,,34.0,84360.0,1.0,9.937
heart-sa,5,48,1000,pvalue,autoref,True,,26.0,1340.0,1.0,0.031
heart-h,34,39,1000,shapley,autoref,True,,33.0,1572.0,4872.0,135.766
heart-sa,10,48,1000,infogain,autoref,True,,34.0,2698.0,3775.0,18.672
heart-sa,10,48,1000,pvalue,autoref,True,,34.0,2698.0,3775.0,19.562
heart-sa,10,48,1000,shapley,autoref,True,,34.0,2698.0,3775.0,27.984
heart-h,39,39,1000,pvalue,autoref,False,timeout dopo 300.0s,34.0,,,300.015
heart-h,34,39,1000,pvalue,autoref,True,,33.0,1572.0,4872.0,110.828
heart-c,32,33,100000,pvalue,autoref,False,timeout dopo 300.0s,37.0,,,300.032
heart-sa,5,48,1000,random_node,autoref,True,,26.0,1340.0,1.0,0.031
heart-c,29,33,100000,random_node,autoref,True,,36.0,128907.0,15.0,214.969
heart-sa,5,48,1000,modal_var,autoref,True,,26.0,1340.0,1.0,0.031
heart-sa,10,48,1000,modal_var,autoref,True,,34.0,2407.0,84.0,1.859
heart-sa,10,48,1000,random_node,autoref,True,,34.0,2415.0,433.0,8.265
heart-h,36,39,1000,infogain,autoref,True,,34.0,1580.0,10634.0,280.781
heart-sa,20,48,1000,modal_var,autoref,True,,38.0,2159.0,2679.0,96.453
heart-h,36,39,1000,shapley,autoref,True,,34.0,1580.0,10634.0,294.0
heart-sa,20,48,1000,infogain,autoref,False,timeout dopo 300.0s,38.0,,,300.016
heart-sa,20,48,1000,shapley,autoref,False,timeout dopo 300.0s,38.0,,,300.016
heart-sa,20,48,1000,pvalue,autoref,False,timeout dopo 300.0s,38.0,,,300.015
heart-h,36,39,1000,pvalue,autoref,True,,34.0,1580.0,10634.0,271.391
heart-sa,15,48,1000,infogain,autoref,True,,35.0,2896.0,13677.0,149.531
heart-sa,15,48,1000,pvalue,autoref,True,,35.0,2896.0,13677.0,153.266
heart-h,37,39,1000,infogain,autoref,False,timeout dopo 300.0s,34.0,,,300.016
heart-sa,5,48,10000,infogain,autoref,True,,26.0,1340.0,1.0,0.031
heart-sa,10,48,10000,infogain,autoref,True,,34.0,19369.0,8.0,0.922
heart-sa,20,48,1000,random_node,autoref,False,timeout dopo 300.0s,38.0,,,300.031
heart-sa,15,48,1000,shapley,autoref,True,,35.0,2896.0,13677.0,188.296
heart-h,37,39,1000,shapley,autoref,False,timeout dopo 300.0s,34.0,,,300.031
heart-sa,5,48,10000,shapley,autoref,True,,26.0,1340.0,1.0,0.031
heart-sa,10,48,10000,shapley,autoref,True,,34.0,19369.0,8.0,0.953
heart-sa,20,48,10000,infogain,autoref,True,,38.0,22993.0,587.0,97.578
heart-sa,30,48,1000,modal_var,autoref,False,timeout dopo 300.5s,43.0,,,300.5
heart-sa,15,48,1000,random_node,autoref,True,,35.0,2302.0,3296.0,184.875
heart-sa,20,48,10000,shapley,autoref,True,,38.0,22993.0,587.0,104.172
heart-h,37,39,1000,pvalue,autoref,False,timeout dopo 300.0s,34.0,,,300.016
heart-sa,5,48,10000,pvalue,autoref,True,,26.0,1340.0,1.0,0.031
heart-sa,10,48,10000,pvalue,autoref,True,,34.0,19369.0,8.0,0.891
heart-sa,17,48,1000,infogain,autoref,False,timeout dopo 300.0s,37.0,,,300.015
heart-sa,17,48,1000,pvalue,autoref,False,timeout dopo 300.0s,37.0,,,300.016
heart-sa,17,48,1000,shapley,autoref,False,timeout dopo 300.0s,37.0,,,300.016
heart-sa,20,48,10000,pvalue,autoref,True,,38.0,22993.0,587.0,93.797
heart-sa,30,48,10000,infogain,autoref,False,timeout dopo 300.0s,43.0,,,300.031
heart-sa,25,48,1000,modal_var,autoref,False,timeout dopo 328.5s,42.0,,,328.562
heart-sa,17,48,1000,random_node,autoref,False,timeout dopo 306.0s,37.0,,,305.953
heart-sa,30,48,10000,shapley,autoref,False,timeout dopo 300.0s,43.0,,,300.015
heart-sa,16,48,1000,infogain,autoref,False,timeout dopo 300.0s,36.0,,,300.016
heart-sa,5,48,10000,random_node,autoref,True,,26.0,1340.0,1.0,0.031
heart-sa,10,48,10000,random_node,autoref,True,,34.0,19369.0,14.0,2.687
heart-sa,16,48,1000,pvalue,autoref,False,timeout dopo 300.0s,36.0,,,300.016
heart-sa,5,48,10000,modal_var,autoref,True,,26.0,1340.0,1.0,0.032
heart-sa,10,48,10000,modal_var,autoref,True,,34.0,19369.0,4.0,1.11
heart-sa,16,48,1000,shapley,autoref,False,timeout dopo 300.0s,36.0,,,300.016
heart-sa,5,48,100000,infogain,autoref,True,,26.0,1340.0,1.0,0.047
heart-sa,10,48,100000,infogain,autoref,True,,34.0,29682.0,1.0,0.781
heart-sa,30,48,10000,pvalue,autoref,False,timeout dopo 300.0s,43.0,,,300.016
heart-sa,20,48,100000,infogain,autoref,True,,38.0,129032.0,7.0,21.406
heart-sa,20,48,10000,modal_var,autoref,True,,38.0,22993.0,82.0,45.844
heart-sa,16,48,1000,random_node,autoref,True,,36.0,2518.0,4753.0,200.703
heart-sa,5,48,100000,shapley,autoref,True,,26.0,1340.0,1.0,0.031
heart-sa,10,48,100000,shapley,autoref,True,,34.0,29682.0,1.0,0.704
heart-sa,25,48,10000,infogain,autoref,False,timeout dopo 300.0s,42.0,,,300.046
heart-sa,22,48,1000,modal_var,autoref,False,timeout dopo 304.3s,40.0,,,304.359
heart-sa,20,48,100000,shapley,autoref,True,,38.0,129032.0,7.0,25.781
heart-sa,25,48,10000,shapley,autoref,False,timeout dopo 300.1s,42.0,,,300.078
heart-sa,20,48,10000,random_node,autoref,False,timeout dopo 301.4s,38.0,,,301.406
heart-sa,15,48,10000,random_node,autoref,True,,35.0,23873.0,39.0,17.641
heart-sa,21,48,1000,modal_var,autoref,True,,38.0,2236.0,2979.0,177.031
heart-sa,5,48,100000,pvalue,autoref,True,,26.0,1340.0,1.0,0.031
heart-sa,10,48,100000,pvalue,autoref,True,,34.0,29682.0,1.0,0.718
heart-sa,25,48,10000,pvalue,autoref,False,timeout dopo 300.0s,42.0,,,300.031
heart-sa,30,48,100000,infogain,autoref,False,timeout dopo 300.0s,43.0,,,300.047
heart-sa,20,48,100000,pvalue,autoref,True,,38.0,129032.0,7.0,25.172
heart-sa,30,48,10000,modal_var,autoref,False,timeout dopo 301.5s,43.0,,,301.5
heart-sa,22,48,10000,infogain,autoref,False,timeout dopo 300.0s,40.0,,,300.016
heart-sa,30,48,100000,shapley,autoref,False,timeout dopo 300.2s,43.0,,,300.235
heart-sa,22,48,10000,shapley,autoref,False,timeout dopo 300.0s,40.0,,,300.031
heart-sa,17,48,10000,random_node,autoref,True,,37.0,25564.0,183.0,149.938
heart-sa,25,48,100000,infogain,autoref,True,,42.0,135069.0,66.0,163.969
heart-sa,21,48,10000,infogain,autoref,True,,38.0,23424.0,734.0,134.5
heart-sa,5,48,100000,random_node,autoref,True,,26.0,1340.0,1.0,0.031
heart-sa,10,48,100000,random_node,autoref,True,,34.0,29682.0,1.0,0.719
heart-sa,25,48,100000,shapley,autoref,True,,42.0,135069.0,66.0,174.016
heart-sa,21,48,10000,shapley,autoref,True,,38.0,23424.0,734.0,144.531
heart-sa,5,48,100000,modal_var,autoref,True,,26.0,1340.0,1.0,0.047
heart-sa,10,48,100000,modal_var,autoref,True,,34.0,29682.0,1.0,0.75
heart-sa,22,48,10000,pvalue,autoref,False,timeout dopo 300.0s,40.0,,,300.031
heart-sa,20,48,100000,random_node,autoref,True,,38.0,123821.0,10.0,70.906
heart-sa,20,48,100000,modal_var,autoref,True,,38.0,123586.0,5.0,35.078
heart-sa,18,48,10000,random_node,autoref,True,,37.0,22782.0,199.0,159.61
heart-sa,25,48,10000,modal_var,autoref,False,timeout dopo 300.0s,42.0,,,300.031
heart-sa,30,48,100000,pvalue,autoref,False,timeout dopo 300.3s,43.0,,,300.344
heart-sa,21,48,10000,pvalue,autoref,True,,38.0,23424.0,734.0,138.422
ionosphere,5,70,1000,infogain,autoref,True,,44.0,2820.0,89.0,0.469
heart-sa,27,48,100000,infogain,autoref,False,timeout dopo 300.1s,43.0,,,300.078
heart-sa,22,48,10000,modal_var,autoref,True,,40.0,22370.0,160.0,163.515
heart-sa,25,48,100000,pvalue,autoref,True,,42.0,135069.0,66.0,170.625
heart-sa,19,48,10000,random_node,autoref,True,,37.0,23257.0,206.0,232.812
ionosphere,5,70,1000,shapley,autoref,True,,44.0,2820.0,89.0,1.015
heart-sa,27,48,100000,shapley,autoref,False,timeout dopo 300.1s,43.0,,,300.078
heart-sa,30,48,100000,random_node,autoref,False,timeout dopo 307.4s,43.0,,,307.39
heart-sa,30,48,100000,modal_var,autoref,False,timeout dopo 305.0s,43.0,,,305.031
ionosphere,10,70,1000,infogain,autoref,False,timeout dopo 300.0s,71.0,,,300.031
heart-sa,23,48,10000,modal_var,autoref,True,,40.0,21114.0,249.0,290.047
heart-sa,26,48,100000,infogain,autoref,False,timeout dopo 300.3s,42.0,,,300.281
ionosphere,5,70,1000,pvalue,autoref,True,,44.0,2820.0,89.0,0.407
heart-sa,27,48,100000,pvalue,autoref,False,timeout dopo 300.1s,43.0,,,300.063
ionosphere,10,70,1000,shapley,autoref,False,timeout dopo 300.0s,71.0,,,300.015
heart-sa,26,48,100000,shapley,autoref,False,timeout dopo 300.3s,42.0,,,300.312
ionosphere,5,70,1000,random_node,autoref,True,,44.0,3370.0,10.0,0.219
ionosphere,7,70,1000,infogain,autoref,True,,53.0,3595.0,37905.0,225.688
heart-sa,25,48,100000,modal_var,autoref,False,timeout dopo 311.7s,42.0,,,311.687
heart-sa,25,48,100000,random_node,autoref,False,timeout dopo 300.6s,42.0,,,300.578
heart-sa,22,48,100000,modal_var,autoref,True,,40.0,133202.0,7.0,53.75
ionosphere,10,70,1000,pvalue,autoref,False,timeout dopo 300.0s,71.0,,,300.031
heart-sa,24,48,10000,modal_var,autoref,False,timeout dopo 301.7s,42.0,,,301.703
ionosphere,5,70,1000,modal_var,autoref,True,,44.0,2528.0,5.0,0.109
ionosphere,7,70,1000,shapley,autoref,False,timeout dopo 300.0s,53.0,,,300.016
heart-sa,23,48,100000,modal_var,autoref,True,,40.0,139362.0,11.0,83.953
heart-sa,26,48,100000,pvalue,autoref,False,timeout dopo 300.0s,42.0,,,300.015
ionosphere,5,70,10000,infogain,autoref,True,,44.0,8496.0,1.0,0.094
ionosphere,6,70,1000,shapley,autoref,True,,49.0,3639.0,3006.0,31.547
ionosphere,5,70,10000,shapley,autoref,True,,44.0,8496.0,1.0,0.094
ionosphere,10,70,1000,random_node,autoref,False,timeout dopo 300.5s,71.0,,,300.485
ionosphere,8,70,1000,infogain,autoref,False,timeout dopo 300.0s,65.0,,,300.031
ionosphere,5,70,10000,pvalue,autoref,True,,44.0,8496.0,1.0,0.094
heart-sa,22,48,100000,random_node,autoref,False,timeout dopo 300.2s,40.0,,,300.203
ionosphere,7,70,1000,pvalue,autoref,True,,53.0,3595.0,37905.0,171.844
heart-sa,21,48,100000,random_node,autoref,True,,38.0,127803.0,4.0,21.062
ionosphere,5,70,10000,random_node,autoref,True,,44.0,8496.0,1.0,0.093
ionosphere,7,70,1000,random_node,autoref,True,,53.0,3930.0,9119.0,237.672
ionosphere,10,70,1000,modal_var,autoref,False,timeout dopo 300.0s,71.0,,,300.031
heart-sa,24,48,100000,modal_var,autoref,True,,42.0,156320.0,29.0,285.922
ionosphere,5,70,10000,modal_var,autoref,True,,44.0,8496.0,1.0,0.094
ionosphere,7,70,1000,modal_var,autoref,True,,53.0,3661.0,579.0,7.625
ionosphere,10,70,10000,infogain,autoref,False,timeout dopo 300.0s,71.0,,,300.031
ionosphere,7,70,10000,infogain,autoref,True,,53.0,23596.0,127.0,6.328
ionosphere,10,70,10000,shapley,autoref,False,timeout dopo 300.0s,71.0,,,300.016
ionosphere,7,70,10000,shapley,autoref,True,,53.0,23596.0,127.0,8.032
ionosphere,8,70,1000,modal_var,autoref,True,,65.0,7546.0,3924.0,70.968
ionosphere,8,70,10000,infogain,autoref,True,,65.0,60736.0,469.0,59.015
ionosphere,8,70,10000,shapley,autoref,True,,65.0,60736.0,469.0,68.516
ionosphere,10,70,10000,pvalue,autoref,False,timeout dopo 300.0s,71.0,,,300.032
ionosphere,7,70,10000,pvalue,autoref,True,,53.0,23596.0,127.0,6.75
ionosphere,8,70,1000,pvalue,autoref,False,timeout dopo 300.0s,65.0,,,300.015
ionosphere,5,70,100000,infogain,autoref,True,,44.0,8496.0,1.0,0.094
ionosphere,8,70,10000,pvalue,autoref,True,,65.0,60736.0,469.0,58.219
ionosphere,10,70,10000,random_node,autoref,False,timeout dopo 301.5s,71.0,,,301.5
ionosphere,7,70,10000,random_node,autoref,True,,53.0,35540.0,84.0,21.281
ionosphere,8,70,1000,random_node,autoref,False,timeout dopo 300.0s,65.0,,,300.031
ionosphere,5,70,100000,shapley,autoref,True,,44.0,8496.0,1.0,0.078
ionosphere,10,70,10000,modal_var,autoref,False,timeout dopo 301.0s,71.0,,,301.046
ionosphere,7,70,10000,modal_var,autoref,True,,53.0,27579.0,10.0,2.141
ionosphere,8,70,10000,modal_var,autoref,True,,65.0,54737.0,45.0,13.36
ionosphere,9,70,1000,modal_var,autoref,False,timeout dopo 300.0s,67.0,,,300.031
ionosphere,5,70,100000,pvalue,autoref,True,,44.0,8496.0,1.0,0.094
ionosphere,9,70,10000,infogain,autoref,False,timeout dopo 300.0s,67.0,,,300.031
ionosphere,5,70,100000,random_node,autoref,True,,44.0,8496.0,1.0,0.094
ionosphere,9,70,10000,shapley,autoref,False,timeout dopo 300.0s,67.0,,,300.016
ionosphere,5,70,100000,modal_var,autoref,True,,44.0,8496.0,1.0,0.094
ionosphere,10,70,100000,infogain,autoref,False,timeout dopo 300.2s,71.0,,,300.188
ionosphere,7,70,100000,infogain,autoref,True,,53.0,114920.0,1.0,1.359
ionosphere,8,70,100000,infogain,autoref,True,,65.0,410092.0,5.0,10.594
ionosphere,9,70,10000,pvalue,autoref,False,timeout dopo 300.0s,67.0,,,300.047
iris,5,26,1000,infogain,autoref,True,,11.0,75.0,1.0,0.047
iris,10,26,1000,infogain,autoref,True,,12.0,292.0,1.0,0.234
iris,20,26,1000,infogain,autoref,True,,16.0,790.0,1.0,1.078
iris,26,26,1000,infogain,autoref,True,,16.0,1058.0,4.0,1.516
iris,5,26,1000,shapley,autoref,True,,11.0,75.0,1.0,0.047
iris,10,26,1000,shapley,autoref,True,,12.0,292.0,1.0,0.235
iris,20,26,1000,shapley,autoref,True,,16.0,790.0,1.0,1.093
iris,26,26,1000,shapley,autoref,True,,16.0,1058.0,4.0,1.531
iris,5,26,1000,pvalue,autoref,True,,11.0,75.0,1.0,0.047
iris,10,26,1000,pvalue,autoref,True,,12.0,292.0,1.0,0.235
iris,20,26,1000,pvalue,autoref,True,,16.0,790.0,1.0,1.125
iris,26,26,1000,pvalue,autoref,True,,16.0,1058.0,4.0,1.531
iris,5,26,1000,random_node,autoref,True,,11.0,75.0,1.0,0.047
iris,10,26,1000,random_node,autoref,True,,12.0,292.0,1.0,0.219
iris,20,26,1000,random_node,autoref,True,,16.0,790.0,1.0,1.109
iris,5,26,1000,modal_var,autoref,True,,11.0,75.0,1.0,0.047
iris,23,26,1000,random_node,autoref,True,,16.0,1042.0,2.0,1.203
iris,24,26,1000,random_node,autoref,True,,16.0,1135.0,2.0,1.313
iris,25,26,1000,random_node,autoref,True,,16.0,1006.0,2.0,1.375
iris,10,26,1000,modal_var,autoref,True,,12.0,292.0,1.0,0.266
iris,20,26,1000,modal_var,autoref,True,,16.0,790.0,1.0,1.094
iris,26,26,1000,modal_var,autoref,True,,16.0,1058.0,3.0,1.516
iris,5,26,10000,infogain,autoref,True,,11.0,75.0,1.0,0.047
iris,10,26,10000,infogain,autoref,True,,12.0,292.0,1.0,0.25
iris,20,26,10000,infogain,autoref,True,,16.0,790.0,1.0,1.093
iris,26,26,10000,infogain,autoref,True,,16.0,1312.0,1.0,1.438
iris,5,26,10000,shapley,autoref,True,,11.0,75.0,1.0,0.047
iris,10,26,10000,shapley,autoref,True,,12.0,292.0,1.0,0.235
iris,20,26,10000,shapley,autoref,True,,16.0,790.0,1.0,1.078
iris,26,26,10000,shapley,autoref,True,,16.0,1312.0,1.0,1.453
iris,5,26,10000,pvalue,autoref,True,,11.0,75.0,1.0,0.047
iris,10,26,10000,pvalue,autoref,True,,12.0,292.0,1.0,0.218
iris,20,26,10000,pvalue,autoref,True,,16.0,790.0,1.0,1.094
iris,26,26,10000,pvalue,autoref,True,,16.0,1312.0,1.0,1.438
iris,5,26,10000,random_node,autoref,True,,11.0,75.0,1.0,0.046
iris,10,26,10000,random_node,autoref,True,,12.0,292.0,1.0,0.235
iris,20,26,10000,random_node,autoref,True,,16.0,790.0,1.0,1.078
iris,26,26,10000,random_node,autoref,True,,16.0,1312.0,1.0,1.453
iris,5,26,10000,modal_var,autoref,True,,11.0,75.0,1.0,0.047
iris,10,26,10000,modal_var,autoref,True,,12.0,292.0,1.0,0.234
iris,20,26,10000,modal_var,autoref,True,,16.0,790.0,1.0,1.078
iris,26,26,10000,modal_var,autoref,True,,16.0,1312.0,1.0,1.438
iris,5,26,100000,infogain,autoref,True,,11.0,75.0,1.0,0.047
iris,10,26,100000,infogain,autoref,True,,12.0,292.0,1.0,0.234
iris,20,26,100000,infogain,autoref,True,,16.0,790.0,1.0,1.109
iris,26,26,100000,infogain,autoref,True,,16.0,1312.0,1.0,1.484
iris,5,26,100000,shapley,autoref,True,,11.0,75.0,1.0,0.047
iris,10,26,100000,shapley,autoref,True,,12.0,292.0,1.0,0.25
iris,20,26,100000,shapley,autoref,True,,16.0,790.0,1.0,1.093
iris,26,26,100000,shapley,autoref,True,,16.0,1312.0,1.0,1.5
iris,5,26,100000,pvalue,autoref,True,,11.0,75.0,1.0,0.047
iris,10,26,100000,pvalue,autoref,True,,12.0,292.0,1.0,0.266
iris,20,26,100000,pvalue,autoref,True,,16.0,790.0,1.0,1.063
iris,26,26,100000,pvalue,autoref,True,,16.0,1312.0,1.0,1.485
iris,5,26,100000,random_node,autoref,True,,11.0,75.0,1.0,0.047
iris,10,26,100000,random_node,autoref,True,,12.0,292.0,1.0,0.218
iris,20,26,100000,random_node,autoref,True,,16.0,790.0,1.0,1.125
iris,26,26,100000,random_node,autoref,True,,16.0,1312.0,1.0,1.5
iris,5,26,100000,modal_var,autoref,True,,11.0,75.0,1.0,0.032
iris,10,26,100000,modal_var,autoref,True,,12.0,292.0,1.0,0.218
iris,20,26,100000,modal_var,autoref,True,,16.0,790.0,1.0,1.078
iris,26,26,100000,modal_var,autoref,True,,16.0,1312.0,1.0,1.469
ionosphere,9,70,100000,infogain,autoref,True,,67.0,405649.0,107.0,92.031
ionosphere,9,70,10000,modal_var,autoref,True,,67.0,39987.0,545.0,244.781
ionosphere,10,70,100000,shapley,autoref,False,timeout dopo 300.3s,71.0,,,300.281
ionosphere,7,70,100000,shapley,autoref,True,,53.0,114920.0,1.0,1.282
ionosphere,10,70,100000,random_node,autoref,False,timeout dopo 305.5s,71.0,,,305.5
ionosphere,7,70,100000,random_node,autoref,True,,53.0,114920.0,1.0,1.297
ionosphere,8,70,100000,shapley,autoref,True,,65.0,410092.0,5.0,9.735
ionosphere,10,70,100000,pvalue,autoref,False,timeout dopo 300.4s,71.0,,,300.406
ionosphere,7,70,100000,pvalue,autoref,True,,53.0,114920.0,1.0,1.25
ionosphere,8,70,10000,random_node,autoref,False,timeout dopo 302.3s,65.0,,,302.281
ionosphere,10,70,100000,modal_var,autoref,False,timeout dopo 300.5s,71.0,,,300.531
ionosphere,7,70,100000,modal_var,autoref,True,,53.0,114920.0,1.0,1.296
ionosphere,8,70,100000,pvalue,autoref,True,,65.0,410092.0,5.0,9.688
ionosphere,8,70,100000,modal_var,autoref,True,,65.0,495131.0,3.0,7.281
ionosphere,8,70,100000,random_node,autoref,True,,65.0,541557.0,8.0,24.719
ionosphere,9,70,100000,modal_var,autoref,True,,67.0,399177.0,14.0,39.906
ionosphere,9,70,100000,shapley,autoref,True,,67.0,405649.0,107.0,86.141
karhunen,5,96,1000,shapley,autoref,False,timeout dopo 301.3s,245.0,,,301.328
karhunen,5,96,1000,infogain,autoref,False,timeout dopo 300.0s,245.0,,,300.031
ionosphere,9,70,100000,pvalue,autoref,True,,67.0,405649.0,107.0,83.609
karhunen,5,96,1000,pvalue,autoref,False,timeout dopo 300.0s,245.0,,,300.094
karhunen,5,96,1000,random_node,autoref,False,timeout dopo 300.4s,245.0,,,300.438
ionosphere,9,70,100000,random_node,autoref,False,timeout dopo 307.5s,67.0,,,307.469
karhunen,5,96,1000,modal_var,autoref,False,timeout dopo 300.0s,245.0,,,300.046
karhunen,2,96,1000,shapley,autoref,False,timeout dopo 302.2s,160.0,,,302.156
karhunen,1,96,1000,shapley,autoref,True,,101.0,1981.0,1.0,0.11
karhunen,2,96,1000,infogain,autoref,False,timeout dopo 305.8s,160.0,,,305.813
karhunen,1,96,1000,infogain,autoref,True,,101.0,1981.0,1.0,0.094
karhunen,5,96,10000,infogain,autoref,False,hard kill dopo 360s (formula fuori dai check cooperativi),,,,360.016
karhunen,5,96,10000,shapley,autoref,False,hard kill dopo 360s (formula fuori dai check cooperativi),,,,360.0
karhunen,2,96,1000,modal_var,autoref,True,,160.0,2452596.0,17.0,90.344
karhunen,2,96,1000,pvalue,autoref,False,timeout dopo 301.9s,160.0,,,301.891
karhunen,1,96,1000,pvalue,autoref,True,,101.0,1981.0,1.0,0.093
karhunen,2,96,10000,infogain,autoref,True,,160.0,10759981.0,1.0,182.906
karhunen,2,96,1000,random_node,autoref,False,timeout dopo 307.0s,160.0,,,307.062
karhunen,1,96,1000,random_node,autoref,True,,101.0,1981.0,1.0,0.094
karhunen,2,96,10000,shapley,autoref,True,,160.0,10759981.0,1.0,193.953
karhunen,5,96,10000,pvalue,autoref,False,hard kill dopo 360s (formula fuori dai check cooperativi),,,,360.0
karhunen,5,96,10000,random_node,autoref,False,hard kill dopo 360s (formula fuori dai check cooperativi),,,,360.016
karhunen,5,96,10000,modal_var,autoref,False,hard kill dopo 360s (formula fuori dai check cooperativi),,,,360.0
karhunen,3,96,1000,modal_var,autoref,False,hard kill dopo 360s (formula fuori dai check cooperativi),,,,360.0
karhunen,5,96,100000,infogain,autoref,False,hard kill dopo 360s (formula fuori dai check cooperativi),,,,360.015
karhunen,3,96,10000,infogain,autoref,False,hard kill dopo 360s (formula fuori dai check cooperativi),,,,360.015
karhunen,5,96,100000,shapley,autoref,False,hard kill dopo 360s (formula fuori dai check cooperativi),,,,360.016
karhunen,2,96,10000,pvalue,autoref,True,,160.0,10759981.0,1.0,293.265
karhunen,3,96,10000,shapley,autoref,False,hard kill dopo 360s (formula fuori dai check cooperativi),,,,360.0
karhunen,2,96,10000,modal_var,autoref,True,,160.0,10759981.0,1.0,244.25
karhunen,2,96,10000,random_node,autoref,True,,160.0,10759981.0,1.0,293.75
karhunen,5,96,100000,pvalue,autoref,False,hard kill dopo 360s (formula fuori dai check cooperativi),,,,360.047
karhunen,2,96,100000,infogain,autoref,True,,160.0,10759981.0,1.0,266.235
karhunen,5,96,100000,random_node,autoref,False,hard kill dopo 360s (formula fuori dai check cooperativi),,,,360.016
karhunen,2,96,100000,shapley,autoref,False,hard kill dopo 360s (formula fuori dai check cooperativi),,,,360.032
karhunen,1,96,100000,shapley,autoref,True,,101.0,1981.0,1.0,0.094
karhunen,3,96,10000,pvalue,autoref,False,hard kill dopo 360s (formula fuori dai check cooperativi),,,,360.0
karhunen,5,96,100000,modal_var,autoref,False,hard kill dopo 360s (formula fuori dai check cooperativi),,,,360.031
karhunen,3,96,10000,modal_var,autoref,False,hard kill dopo 360s (formula fuori dai check cooperativi),,,,360.016
karhunen,3,96,10000,random_node,autoref,False,hard kill dopo 360s (formula fuori dai check cooperativi),,,,360.016
karhunen,2,96,100000,pvalue,autoref,True,,160.0,10759981.0,1.0,217.032
karhunen,3,96,100000,infogain,autoref,False,hard kill dopo 360s (formula fuori dai check cooperativi),,,,360.266
karhunen,2,96,100000,random_node,autoref,False,hard kill dopo 360s (formula fuori dai check cooperativi),,,,360.047
karhunen,1,96,100000,random_node,autoref,True,,101.0,1981.0,1.0,0.094
letter,5,100,1000,infogain,autoref,False,hard kill dopo 360s (formula fuori dai check cooperativi),,,,360.015
letter,5,100,1000,shapley,autoref,False,hard kill dopo 360s (formula fuori dai check cooperativi),,,,360.015
karhunen,2,96,100000,modal_var,autoref,False,hard kill dopo 360s (formula fuori dai check cooperativi),,,,360.015
karhunen,1,96,100000,modal_var,autoref,True,,101.0,1981.0,1.0,0.094
letter,5,100,1000,pvalue,autoref,False,hard kill dopo 360s (formula fuori dai check cooperativi),,,,360.015
letter,5,100,1000,random_node,autoref,False,hard kill dopo 360s (formula fuori dai check cooperativi),,,,360.016
karhunen,3,96,100000,pvalue,autoref,False,hard kill dopo 360s (formula fuori dai check cooperativi),,,,360.016
letter,5,100,1000,modal_var,autoref,False,hard kill dopo 360s (formula fuori dai check cooperativi),,,,360.078
letter,5,100,10000,infogain,autoref,False,hard kill dopo 360s (formula fuori dai check cooperativi),,,,360.031
letter,2,100,1000,infogain,autoref,False,hard kill dopo 360s (formula fuori dai check cooperativi),,,,360.046
letter,2,100,1000,shapley,autoref,False,hard kill dopo 360s (formula fuori dai check cooperativi),,,,360.016
letter,5,100,10000,shapley,autoref,False,hard kill dopo 360s (formula fuori dai check cooperativi),,,,360.015
letter,2,100,1000,pvalue,autoref,False,hard kill dopo 360s (formula fuori dai check cooperativi),,,,360.016
letter,2,100,1000,random_node,autoref,False,hard kill dopo 360s (formula fuori dai check cooperativi),,,,360.015
letter,5,100,10000,pvalue,autoref,False,hard kill dopo 360s (formula fuori dai check cooperativi),,,,360.0
letter,2,100,1000,modal_var,autoref,False,hard kill dopo 360s (formula fuori dai check cooperativi),,,,360.188
letter,2,100,10000,infogain,autoref,False,hard kill dopo 360s (formula fuori dai check cooperativi),,,,360.078
letter,1,100,1000,infogain,autoref,False,hard kill dopo 360s (formula fuori dai check cooperativi),,,,360.016
letter,1,100,1000,shapley,autoref,False,hard kill dopo 360s (formula fuori dai check cooperativi),,,,360.0
letter,2,100,10000,shapley,autoref,False,hard kill dopo 360s (formula fuori dai check cooperativi),,,,360.047
letter,1,100,1000,pvalue,autoref,False,hard kill dopo 360s (formula fuori dai check cooperativi),,,,360.015
letter,1,100,1000,random_node,autoref,False,hard kill dopo 360s (formula fuori dai check cooperativi),,,,360.016
letter,2,100,10000,pvalue,autoref,False,hard kill dopo 360s (formula fuori dai check cooperativi),,,,360.016
letter,1,100,1000,modal_var,autoref,False,hard kill dopo 360s (formula fuori dai check cooperativi),,,,360.188
letter,1,100,10000,infogain,autoref,False,hard kill dopo 360s (formula fuori dai check cooperativi),,,,360.204
letter,5,100,10000,random_node,autoref,False,hard kill dopo 360s (formula fuori dai check cooperativi),,,,360.016
letter,5,100,10000,modal_var,autoref,False,hard kill dopo 360s (formula fuori dai check cooperativi),,,,360.016
letter,1,100,10000,shapley,autoref,False,hard kill dopo 360s (formula fuori dai check cooperativi),,,,360.031
letter,5,100,100000,infogain,autoref,False,hard kill dopo 360s (formula fuori dai check cooperativi),,,,360.0
letter,5,100,100000,shapley,autoref,False,hard kill dopo 360s (formula fuori dai check cooperativi),,,,360.016
letter,1,100,10000,pvalue,autoref,False,hard kill dopo 360s (formula fuori dai check cooperativi),,,,360.0
lupus,5,28,1000,infogain,autoref,True,,9.0,39.0,1.0,0.015
lupus,10,28,1000,infogain,autoref,True,,11.0,105.0,1.0,0.047
lupus,20,28,1000,infogain,autoref,True,,12.0,224.0,1.0,0.11
lupus,28,28,1000,infogain,autoref,True,,13.0,383.0,1.0,0.187
lupus,5,28,1000,shapley,autoref,True,,9.0,39.0,1.0,0.016
lupus,10,28,1000,shapley,autoref,True,,11.0,105.0,1.0,0.047
lupus,20,28,1000,shapley,autoref,True,,12.0,224.0,1.0,0.125
lupus,28,28,1000,shapley,autoref,True,,13.0,383.0,1.0,0.172
lupus,5,28,1000,pvalue,autoref,True,,9.0,39.0,1.0,0.015
lupus,10,28,1000,pvalue,autoref,True,,11.0,105.0,1.0,0.047
lupus,20,28,1000,pvalue,autoref,True,,12.0,224.0,1.0,0.125
lupus,28,28,1000,pvalue,autoref,True,,13.0,383.0,1.0,0.172
lupus,5,28,1000,random_node,autoref,True,,9.0,39.0,1.0,0.016
lupus,10,28,1000,random_node,autoref,True,,11.0,105.0,1.0,0.031
lupus,20,28,1000,random_node,autoref,True,,12.0,224.0,1.0,0.109
lupus,28,28,1000,random_node,autoref,True,,13.0,383.0,1.0,0.188
lupus,5,28,1000,modal_var,autoref,True,,9.0,39.0,1.0,0.016
lupus,10,28,1000,modal_var,autoref,True,,11.0,105.0,1.0,0.047
lupus,20,28,1000,modal_var,autoref,True,,12.0,224.0,1.0,0.125
lupus,28,28,1000,modal_var,autoref,True,,13.0,383.0,1.0,0.203
lupus,5,28,10000,infogain,autoref,True,,9.0,39.0,1.0,0.016
lupus,10,28,10000,infogain,autoref,True,,11.0,105.0,1.0,0.032
lupus,20,28,10000,infogain,autoref,True,,12.0,224.0,1.0,0.125
lupus,28,28,10000,infogain,autoref,True,,13.0,383.0,1.0,0.219
lupus,5,28,10000,shapley,autoref,True,,9.0,39.0,1.0,0.016
lupus,10,28,10000,shapley,autoref,True,,11.0,105.0,1.0,0.031
lupus,20,28,10000,shapley,autoref,True,,12.0,224.0,1.0,0.141
lupus,28,28,10000,shapley,autoref,True,,13.0,383.0,1.0,0.218
lupus,5,28,10000,pvalue,autoref,True,,9.0,39.0,1.0,0.016
lupus,10,28,10000,pvalue,autoref,True,,11.0,105.0,1.0,0.047
lupus,20,28,10000,pvalue,autoref,True,,12.0,224.0,1.0,0.141
lupus,28,28,10000,pvalue,autoref,True,,13.0,383.0,1.0,0.188
lupus,5,28,10000,random_node,autoref,True,,9.0,39.0,1.0,0.016
lupus,10,28,10000,random_node,autoref,True,,11.0,105.0,1.0,0.031
lupus,20,28,10000,random_node,autoref,True,,12.0,224.0,1.0,0.14
lupus,28,28,10000,random_node,autoref,True,,13.0,383.0,1.0,0.188
lupus,5,28,10000,modal_var,autoref,True,,9.0,39.0,1.0,0.0
lupus,10,28,10000,modal_var,autoref,True,,11.0,105.0,1.0,0.031
lupus,20,28,10000,modal_var,autoref,True,,12.0,224.0,1.0,0.14
lupus,28,28,10000,modal_var,autoref,True,,13.0,383.0,1.0,0.219
lupus,5,28,100000,infogain,autoref,True,,9.0,39.0,1.0,0.015
lupus,10,28,100000,infogain,autoref,True,,11.0,105.0,1.0,0.046
lupus,20,28,100000,infogain,autoref,True,,12.0,224.0,1.0,0.125
lupus,28,28,100000,infogain,autoref,True,,13.0,383.0,1.0,0.187
lupus,5,28,100000,shapley,autoref,True,,9.0,39.0,1.0,0.016
lupus,10,28,100000,shapley,autoref,True,,11.0,105.0,1.0,0.047
lupus,20,28,100000,shapley,autoref,True,,12.0,224.0,1.0,0.125
lupus,28,28,100000,shapley,autoref,True,,13.0,383.0,1.0,0.188
lupus,5,28,100000,pvalue,autoref,True,,9.0,39.0,1.0,0.016
lupus,10,28,100000,pvalue,autoref,True,,11.0,105.0,1.0,0.031
lupus,20,28,100000,pvalue,autoref,True,,12.0,224.0,1.0,0.125
lupus,28,28,100000,pvalue,autoref,True,,13.0,383.0,1.0,0.187
lupus,5,28,100000,random_node,autoref,True,,9.0,39.0,1.0,0.016
lupus,10,28,100000,random_node,autoref,True,,11.0,105.0,1.0,0.031
lupus,20,28,100000,random_node,autoref,True,,12.0,224.0,1.0,0.14
lupus,28,28,100000,random_node,autoref,True,,13.0,383.0,1.0,0.203
lupus,5,28,100000,modal_var,autoref,True,,9.0,39.0,1.0,0.0
lupus,10,28,100000,modal_var,autoref,True,,11.0,105.0,1.0,0.047
lupus,20,28,100000,modal_var,autoref,True,,12.0,224.0,1.0,0.11
lupus,28,28,100000,modal_var,autoref,True,,13.0,383.0,1.0,0.203
letter,5,100,100000,pvalue,autoref,False,hard kill dopo 360s (formula fuori dai check cooperativi),,,,360.218
letter,5,100,100000,random_node,autoref,False,hard kill dopo 360s (formula fuori dai check cooperativi),,,,360.156
letter,2,100,10000,random_node,autoref,False,hard kill dopo 360s (formula fuori dai check cooperativi),,,,360.015
letter,2,100,10000,modal_var,autoref,False,hard kill dopo 360s (formula fuori dai check cooperativi),,,,360.015
letter,5,100,100000,modal_var,autoref,False,hard kill dopo 360s (formula fuori dai check cooperativi),,,,360.063
letter,2,100,100000,infogain,autoref,False,hard kill dopo 360s (formula fuori dai check cooperativi),,,,360.0
letter,2,100,100000,shapley,autoref,False,hard kill dopo 360s (formula fuori dai check cooperativi),,,,360.031
magic,5,44,1000,infogain,autoref,False,timeout dopo 300.0s,73.0,,,301.86
magic,2,44,1000,infogain,autoref,True,,58.0,19774.0,3165.0,47.062
letter,2,100,100000,pvalue,autoref,False,hard kill dopo 360s (formula fuori dai check cooperativi),,,,360.188
letter,2,100,100000,random_node,autoref,False,hard kill dopo 360s (formula fuori dai check cooperativi),,,,360.093
letter,1,100,10000,random_node,autoref,False,hard kill dopo 360s (formula fuori dai check cooperativi),,,,360.015
letter,1,100,10000,modal_var,autoref,False,hard kill dopo 360s (formula fuori dai check cooperativi),,,,360.016
letter,2,100,100000,modal_var,autoref,False,hard kill dopo 360s (formula fuori dai check cooperativi),,,,360.032
letter,1,100,100000,infogain,autoref,False,hard kill dopo 360s (formula fuori dai check cooperativi),,,,360.016
letter,1,100,100000,shapley,autoref,False,hard kill dopo 360s (formula fuori dai check cooperativi),,,,360.0
magic,3,44,1000,infogain,autoref,False,timeout dopo 300.0s,65.0,,,300.078
letter,1,100,100000,pvalue,autoref,False,hard kill dopo 360s (formula fuori dai check cooperativi),,,,360.094
magic,5,44,1000,shapley,autoref,False,timeout dopo 300.0s,73.0,,,300.047
magic,5,44,1000,pvalue,autoref,False,timeout dopo 300.0s,73.0,,,300.078
letter,1,100,100000,random_node,autoref,False,hard kill dopo 360s (formula fuori dai check cooperativi),,,,360.125
magic,2,44,1000,pvalue,autoref,True,,58.0,19774.0,3165.0,44.39
magic,5,44,1000,random_node,autoref,False,timeout dopo 300.0s,73.0,,,300.063
magic,5,44,1000,modal_var,autoref,False,timeout dopo 318.4s,73.0,,,318.406
magic,2,44,1000,shapley,autoref,True,,58.0,19774.0,3165.0,81.75
magic,5,44,10000,infogain,autoref,False,timeout dopo 300.0s,73.0,,,300.094
letter,1,100,100000,modal_var,autoref,False,hard kill dopo 360s (formula fuori dai check cooperativi),,,,360.031
magic,2,44,10000,infogain,autoref,True,,58.0,200966.0,4.0,4.344
magic,2,44,1000,modal_var,autoref,True,,58.0,23320.0,1921.0,65.5
magic,5,44,10000,shapley,autoref,False,timeout dopo 300.0s,73.0,,,300.032
magic,2,44,10000,shapley,autoref,True,,58.0,200966.0,4.0,4.375
magic,3,44,1000,pvalue,autoref,False,timeout dopo 300.0s,65.0,,,300.062
magic,5,44,10000,pvalue,autoref,False,timeout dopo 300.0s,73.0,,,300.015
magic,2,44,10000,pvalue,autoref,True,,58.0,200966.0,4.0,4.391
magic,2,44,1000,random_node,autoref,False,timeout dopo 302.6s,58.0,,,302.578
magic,3,44,1000,shapley,autoref,False,timeout dopo 300.0s,65.0,,,300.062
magic,1,44,1000,random_node,autoref,True,,50.0,13348.0,1.0,0.469
magic,3,44,10000,infogain,autoref,False,timeout dopo 300.0s,65.0,,,300.047
magic,5,44,10000,random_node,autoref,False,timeout dopo 301.9s,73.0,,,301.875
magic,2,44,10000,random_node,autoref,True,,58.0,230620.0,13.0,15.578
magic,3,44,1000,modal_var,autoref,False,timeout dopo 300.0s,65.0,,,300.031
magic,3,44,10000,shapley,autoref,False,timeout dopo 300.0s,65.0,,,300.031
magic,3,44,10000,pvalue,autoref,False,timeout dopo 300.0s,65.0,,,300.062
mammo,5,12,1000,infogain,autoref,True,,13.0,101.0,1.0,0.015
mammo,10,12,1000,infogain,autoref,True,,13.0,280.0,1.0,0.047
mammo,12,12,1000,infogain,autoref,True,,13.0,338.0,1.0,0.063
mammo,5,12,1000,shapley,autoref,True,,13.0,101.0,1.0,0.015
magic,5,44,10000,modal_var,autoref,False,timeout dopo 300.5s,73.0,,,300.532
mammo,10,12,1000,shapley,autoref,True,,13.0,280.0,1.0,0.047
mammo,12,12,1000,shapley,autoref,True,,13.0,338.0,1.0,0.063
magic,5,44,100000,shapley,autoref,False,timeout dopo 301.9s,73.0,,,301.906
mammo,5,12,1000,pvalue,autoref,True,,13.0,101.0,1.0,0.016
mammo,10,12,1000,pvalue,autoref,True,,13.0,280.0,1.0,0.047
mammo,12,12,1000,pvalue,autoref,True,,13.0,338.0,1.0,0.063
mammo,5,12,1000,random_node,autoref,True,,13.0,101.0,1.0,0.016
mammo,10,12,1000,random_node,autoref,True,,13.0,280.0,1.0,0.047
mammo,12,12,1000,random_node,autoref,True,,13.0,338.0,1.0,0.062
mammo,5,12,1000,modal_var,autoref,True,,13.0,101.0,1.0,0.016
magic,2,44,100000,shapley,autoref,True,,58.0,378644.0,1.0,3.828
mammo,10,12,1000,modal_var,autoref,True,,13.0,280.0,1.0,0.047
magic,2,44,10000,modal_var,autoref,True,,58.0,194408.0,6.0,5.969
mammo,12,12,1000,modal_var,autoref,True,,13.0,338.0,1.0,0.063
mammo,5,12,10000,infogain,autoref,True,,13.0,101.0,1.0,0.015
mammo,10,12,10000,infogain,autoref,True,,13.0,280.0,1.0,0.047
mammo,12,12,10000,infogain,autoref,True,,13.0,338.0,1.0,0.063
mammo,5,12,10000,shapley,autoref,True,,13.0,101.0,1.0,0.031
mammo,10,12,10000,shapley,autoref,True,,13.0,280.0,1.0,0.047
mammo,12,12,10000,shapley,autoref,True,,13.0,338.0,1.0,0.063
magic,5,44,100000,infogain,autoref,False,timeout dopo 300.2s,73.0,,,300.25
mammo,5,12,10000,pvalue,autoref,True,,13.0,101.0,1.0,0.031
mammo,10,12,10000,pvalue,autoref,True,,13.0,280.0,1.0,0.047
mammo,12,12,10000,pvalue,autoref,True,,13.0,338.0,1.0,0.063
mammo,5,12,10000,random_node,autoref,True,,13.0,101.0,1.0,0.015
mammo,10,12,10000,random_node,autoref,True,,13.0,280.0,1.0,0.047
mammo,12,12,10000,random_node,autoref,True,,13.0,338.0,1.0,0.062
mammo,5,12,10000,modal_var,autoref,True,,13.0,101.0,1.0,0.015
magic,2,44,100000,infogain,autoref,True,,58.0,378644.0,1.0,3.828
mammo,10,12,10000,modal_var,autoref,True,,13.0,280.0,1.0,0.047
mammo,12,12,10000,modal_var,autoref,True,,13.0,338.0,1.0,0.062
mammo,5,12,100000,infogain,autoref,True,,13.0,101.0,1.0,0.016
mammo,10,12,100000,infogain,autoref,True,,13.0,280.0,1.0,0.047
mammo,12,12,100000,infogain,autoref,True,,13.0,338.0,1.0,0.062
mammo,5,12,100000,shapley,autoref,True,,13.0,101.0,1.0,0.015
mammo,10,12,100000,shapley,autoref,True,,13.0,280.0,1.0,0.047
mammo,12,12,100000,shapley,autoref,True,,13.0,338.0,1.0,0.063
mammo,5,12,100000,pvalue,autoref,True,,13.0,101.0,1.0,0.016
mammo,10,12,100000,pvalue,autoref,True,,13.0,280.0,1.0,0.062
magic,5,44,100000,pvalue,autoref,False,timeout dopo 300.2s,73.0,,,300.219
mammo,12,12,100000,pvalue,autoref,True,,13.0,338.0,1.0,0.062
mammo,5,12,100000,random_node,autoref,True,,13.0,101.0,1.0,0.015
mammo,10,12,100000,random_node,autoref,True,,13.0,280.0,1.0,0.046
mammo,12,12,100000,random_node,autoref,True,,13.0,338.0,1.0,0.063
mammo,5,12,100000,modal_var,autoref,True,,13.0,101.0,1.0,0.031
mammo,10,12,100000,modal_var,autoref,True,,13.0,280.0,1.0,0.047
mammo,12,12,100000,modal_var,autoref,True,,13.0,338.0,1.0,0.063
magic,2,44,100000,pvalue,autoref,True,,58.0,378644.0,1.0,3.86
magic,3,44,10000,random_node,autoref,False,timeout dopo 301.5s,65.0,,,301.5
magic,5,44,100000,random_node,autoref,False,timeout dopo 305.3s,73.0,,,305.281
magic,3,44,100000,shapley,autoref,True,,65.0,892438.0,72.0,101.859
magic,2,44,100000,random_node,autoref,True,,58.0,378644.0,1.0,3.907
magic,3,44,100000,infogain,autoref,True,,65.0,892438.0,72.0,99.687
magic,3,44,100000,pvalue,autoref,True,,65.0,892438.0,72.0,99.671
magic,5,44,100000,modal_var,autoref,False,timeout dopo 304.6s,73.0,,,304.578
magic,2,44,100000,modal_var,autoref,True,,58.0,378644.0,1.0,3.766
magic,3,44,10000,modal_var,autoref,False,timeout dopo 301.9s,65.0,,,301.906
messidor,5,64,1000,infogain,autoref,False,timeout dopo 300.0s,74.0,,,300.047
messidor,2,64,1000,infogain,autoref,True,,52.0,5575.0,1.0,0.078
messidor,3,64,1000,infogain,autoref,True,,61.0,6324.0,307.0,2.797
messidor,5,64,1000,shapley,autoref,False,timeout dopo 300.0s,74.0,,,300.031
messidor,2,64,1000,shapley,autoref,True,,52.0,5575.0,1.0,0.094
messidor,3,64,1000,shapley,autoref,True,,61.0,6324.0,307.0,8.343
magic,4,44,100000,shapley,autoref,False,timeout dopo 300.1s,69.0,,,300.062
magic,3,44,100000,modal_var,autoref,True,,65.0,1241745.0,18.0,158.015
magic,3,44,100000,random_node,autoref,False,timeout dopo 303.5s,65.0,,,303.562
magic,4,44,100000,infogain,autoref,False,timeout dopo 300.2s,69.0,,,300.218
magic,4,44,100000,pvalue,autoref,False,timeout dopo 300.5s,69.0,,,300.532
messidor,5,64,1000,pvalue,autoref,False,timeout dopo 300.0s,74.0,,,300.031
messidor,2,64,1000,pvalue,autoref,True,,52.0,5575.0,1.0,0.094
messidor,3,64,1000,pvalue,autoref,True,,61.0,6324.0,307.0,2.907
messidor,4,64,1000,infogain,autoref,False,timeout dopo 300.0s,68.0,,,300.047
messidor,4,64,1000,shapley,autoref,False,timeout dopo 300.1s,68.0,,,300.063
messidor,5,64,1000,random_node,autoref,False,timeout dopo 302.5s,74.0,,,302.469
messidor,2,64,1000,random_node,autoref,True,,52.0,5575.0,1.0,0.078
magic,4,44,100000,modal_var,autoref,False,timeout dopo 309.4s,69.0,,,309.36
messidor,3,64,1000,random_node,autoref,True,,61.0,8657.0,395.0,12.266
messidor,5,64,10000,infogain,autoref,False,timeout dopo 300.0s,74.0,,,300.031
messidor,2,64,10000,infogain,autoref,True,,52.0,5575.0,1.0,0.093
messidor,3,64,10000,infogain,autoref,True,,61.0,47554.0,1.0,0.469
messidor,5,64,1000,modal_var,autoref,False,timeout dopo 300.0s,74.0,,,300.062
messidor,2,64,1000,modal_var,autoref,True,,52.0,5575.0,1.0,0.11
messidor,3,64,1000,modal_var,autoref,True,,61.0,9543.0,26.0,1.016
messidor,5,64,10000,shapley,autoref,False,timeout dopo 300.3s,74.0,,,300.344
messidor,2,64,10000,shapley,autoref,True,,52.0,5575.0,1.0,0.094
messidor,3,64,10000,shapley,autoref,True,,61.0,47554.0,1.0,0.485
messidor,4,64,10000,infogain,autoref,True,,68.0,63647.0,334.0,20.609
messidor,4,64,10000,shapley,autoref,True,,68.0,63647.0,334.0,29.0
messidor,4,64,1000,modal_var,autoref,True,,68.0,12796.0,3977.0,96.016
messidor,5,64,100000,infogain,autoref,True,,74.0,483861.0,63.0,76.063
messidor,5,64,100000,shapley,autoref,True,,74.0,483861.0,63.0,77.469
messidor,4,64,1000,pvalue,autoref,False,timeout dopo 300.0s,68.0,,,300.047
messidor,5,64,10000,pvalue,autoref,False,timeout dopo 300.1s,74.0,,,300.062
messidor,2,64,10000,pvalue,autoref,True,,52.0,5575.0,1.0,0.094
messidor,3,64,10000,pvalue,autoref,True,,61.0,47554.0,1.0,0.454
messidor,5,64,100000,pvalue,autoref,True,,74.0,483861.0,63.0,74.579
messidor,4,64,10000,pvalue,autoref,True,,68.0,63647.0,334.0,20.593
messidor,5,64,10000,random_node,autoref,False,timeout dopo 303.1s,74.0,,,303.109
messidor,2,64,10000,random_node,autoref,True,,52.0,5575.0,1.0,0.078
messidor,3,64,10000,random_node,autoref,True,,61.0,47554.0,1.0,0.469
messidor,5,64,100000,modal_var,autoref,True,,74.0,657870.0,13.0,60.453
messidor,5,64,10000,modal_var,autoref,False,timeout dopo 301.6s,74.0,,,301.609
messidor,2,64,10000,modal_var,autoref,True,,52.0,5575.0,1.0,0.094
messidor,3,64,10000,modal_var,autoref,True,,61.0,47554.0,1.0,0.437
messidor,4,64,1000,random_node,autoref,False,timeout dopo 302.8s,68.0,,,302.781
mofn-3-7-10,5,75,1000,infogain,autoref,True,,10.0,221.0,1.0,0.079
mofn-3-7-10,10,75,1000,infogain,autoref,True,,10.0,310.0,1.0,0.172
mofn-3-7-10,20,75,1000,infogain,autoref,True,,10.0,429.0,1.0,0.406
mofn-3-7-10,30,75,1000,infogain,autoref,True,,10.0,500.0,1.0,0.609
mofn-3-7-10,50,75,1000,infogain,autoref,True,,10.0,675.0,1.0,1.297
mofn-3-7-10,75,75,1000,infogain,autoref,True,,10.0,844.0,1.0,2.657
mofn-3-7-10,5,75,1000,shapley,autoref,True,,10.0,221.0,1.0,0.078
mofn-3-7-10,10,75,1000,shapley,autoref,True,,10.0,310.0,1.0,0.187
messidor,4,64,10000,modal_var,autoref,True,,68.0,70493.0,53.0,19.453
mofn-3-7-10,5,75,1000,pvalue,autoref,True,,10.0,221.0,1.0,0.078
mofn-3-7-10,20,75,1000,shapley,autoref,True,,10.0,429.0,1.0,0.422
mofn-3-7-10,10,75,1000,pvalue,autoref,True,,10.0,310.0,1.0,0.171
mofn-3-7-10,30,75,1000,shapley,autoref,True,,10.0,500.0,1.0,0.625
mofn-3-7-10,20,75,1000,pvalue,autoref,True,,10.0,429.0,1.0,0.406
mofn-3-7-10,30,75,1000,pvalue,autoref,True,,10.0,500.0,1.0,0.625
mofn-3-7-10,50,75,1000,shapley,autoref,True,,10.0,675.0,1.0,1.36
mofn-3-7-10,50,75,1000,pvalue,autoref,True,,10.0,675.0,1.0,1.375
mofn-3-7-10,75,75,1000,shapley,autoref,True,,10.0,844.0,1.0,2.578
mofn-3-7-10,5,75,1000,random_node,autoref,True,,10.0,221.0,1.0,0.078
mofn-3-7-10,10,75,1000,random_node,autoref,True,,10.0,310.0,1.0,0.188
mofn-3-7-10,75,75,1000,pvalue,autoref,True,,10.0,844.0,1.0,2.594
mofn-3-7-10,5,75,1000,modal_var,autoref,True,,10.0,221.0,1.0,0.078
mofn-3-7-10,20,75,1000,random_node,autoref,True,,10.0,429.0,1.0,0.422
mofn-3-7-10,10,75,1000,modal_var,autoref,True,,10.0,310.0,1.0,0.187
mofn-3-7-10,30,75,1000,random_node,autoref,True,,10.0,500.0,1.0,0.625
mofn-3-7-10,20,75,1000,modal_var,autoref,True,,10.0,429.0,1.0,0.406
mofn-3-7-10,30,75,1000,modal_var,autoref,True,,10.0,500.0,1.0,0.656
mofn-3-7-10,50,75,1000,random_node,autoref,True,,10.0,675.0,1.0,1.375
mofn-3-7-10,50,75,1000,modal_var,autoref,True,,10.0,675.0,1.0,1.391
mofn-3-7-10,75,75,1000,random_node,autoref,True,,10.0,844.0,1.0,2.703
mofn-3-7-10,5,75,10000,infogain,autoref,True,,10.0,221.0,1.0,0.079
mofn-3-7-10,10,75,10000,infogain,autoref,True,,10.0,310.0,1.0,0.172
mofn-3-7-10,75,75,1000,modal_var,autoref,True,,10.0,844.0,1.0,2.64
mofn-3-7-10,5,75,10000,shapley,autoref,True,,10.0,221.0,1.0,0.078
mofn-3-7-10,20,75,10000,infogain,autoref,True,,10.0,429.0,1.0,0.406
mofn-3-7-10,10,75,10000,shapley,autoref,True,,10.0,310.0,1.0,0.188
mofn-3-7-10,30,75,10000,infogain,autoref,True,,10.0,500.0,1.0,0.578
mofn-3-7-10,20,75,10000,shapley,autoref,True,,10.0,429.0,1.0,0.406
mofn-3-7-10,30,75,10000,shapley,autoref,True,,10.0,500.0,1.0,0.625
mofn-3-7-10,50,75,10000,infogain,autoref,True,,10.0,675.0,1.0,1.328
mofn-3-7-10,50,75,10000,shapley,autoref,True,,10.0,675.0,1.0,1.375
mofn-3-7-10,75,75,10000,infogain,autoref,True,,10.0,844.0,1.0,2.594
mofn-3-7-10,5,75,10000,pvalue,autoref,True,,10.0,221.0,1.0,0.094
mofn-3-7-10,10,75,10000,pvalue,autoref,True,,10.0,310.0,1.0,0.187
mofn-3-7-10,75,75,10000,shapley,autoref,True,,10.0,844.0,1.0,2.563
mofn-3-7-10,5,75,10000,random_node,autoref,True,,10.0,221.0,1.0,0.078
mofn-3-7-10,20,75,10000,pvalue,autoref,True,,10.0,429.0,1.0,0.407
mofn-3-7-10,10,75,10000,random_node,autoref,True,,10.0,310.0,1.0,0.188
mofn-3-7-10,30,75,10000,pvalue,autoref,True,,10.0,500.0,1.0,0.625
mofn-3-7-10,20,75,10000,random_node,autoref,True,,10.0,429.0,1.0,0.407
mofn-3-7-10,30,75,10000,random_node,autoref,True,,10.0,500.0,1.0,0.609
mofn-3-7-10,50,75,10000,pvalue,autoref,True,,10.0,675.0,1.0,1.266
mofn-3-7-10,50,75,10000,random_node,autoref,True,,10.0,675.0,1.0,1.375
mofn-3-7-10,75,75,10000,pvalue,autoref,True,,10.0,844.0,1.0,2.625
mofn-3-7-10,5,75,10000,modal_var,autoref,True,,10.0,221.0,1.0,0.078
mofn-3-7-10,10,75,10000,modal_var,autoref,True,,10.0,310.0,1.0,0.188
mofn-3-7-10,75,75,10000,random_node,autoref,True,,10.0,844.0,1.0,2.687
mofn-3-7-10,5,75,100000,infogain,autoref,True,,10.0,221.0,1.0,0.11
mofn-3-7-10,20,75,10000,modal_var,autoref,True,,10.0,429.0,1.0,0.422
mofn-3-7-10,10,75,100000,infogain,autoref,True,,10.0,310.0,1.0,0.187
mofn-3-7-10,30,75,10000,modal_var,autoref,True,,10.0,500.0,1.0,0.609
mofn-3-7-10,20,75,100000,infogain,autoref,True,,10.0,429.0,1.0,0.422
mofn-3-7-10,30,75,100000,infogain,autoref,True,,10.0,500.0,1.0,0.656
mofn-3-7-10,50,75,10000,modal_var,autoref,True,,10.0,675.0,1.0,1.312
mofn-3-7-10,50,75,100000,infogain,autoref,True,,10.0,675.0,1.0,1.344
mofn-3-7-10,75,75,10000,modal_var,autoref,True,,10.0,844.0,1.0,2.563
mofn-3-7-10,5,75,100000,shapley,autoref,True,,10.0,221.0,1.0,0.093
mofn-3-7-10,10,75,100000,shapley,autoref,True,,10.0,310.0,1.0,0.187
mofn-3-7-10,75,75,100000,infogain,autoref,True,,10.0,844.0,1.0,2.641
mofn-3-7-10,5,75,100000,pvalue,autoref,True,,10.0,221.0,1.0,0.078
mofn-3-7-10,20,75,100000,shapley,autoref,True,,10.0,429.0,1.0,0.407
mofn-3-7-10,10,75,100000,pvalue,autoref,True,,10.0,310.0,1.0,0.187
mofn-3-7-10,30,75,100000,shapley,autoref,True,,10.0,500.0,1.0,0.672
mofn-3-7-10,20,75,100000,pvalue,autoref,True,,10.0,429.0,1.0,0.422
mofn-3-7-10,30,75,100000,pvalue,autoref,True,,10.0,500.0,1.0,0.593
mofn-3-7-10,50,75,100000,shapley,autoref,True,,10.0,675.0,1.0,1.328
mofn-3-7-10,50,75,100000,pvalue,autoref,True,,10.0,675.0,1.0,1.375
mofn-3-7-10,75,75,100000,shapley,autoref,True,,10.0,844.0,1.0,2.719
mofn-3-7-10,5,75,100000,random_node,autoref,True,,10.0,221.0,1.0,0.078
mofn-3-7-10,10,75,100000,random_node,autoref,True,,10.0,310.0,1.0,0.187
mofn-3-7-10,75,75,100000,pvalue,autoref,True,,10.0,844.0,1.0,2.64
mofn-3-7-10,5,75,100000,modal_var,autoref,True,,10.0,221.0,1.0,0.079
mofn-3-7-10,20,75,100000,random_node,autoref,True,,10.0,429.0,1.0,0.391
mofn-3-7-10,10,75,100000,modal_var,autoref,True,,10.0,310.0,1.0,0.188
mofn-3-7-10,30,75,100000,random_node,autoref,True,,10.0,500.0,1.0,0.625
mofn-3-7-10,20,75,100000,modal_var,autoref,True,,10.0,429.0,1.0,0.407
mofn-3-7-10,30,75,100000,modal_var,autoref,True,,10.0,500.0,1.0,0.641
mofn-3-7-10,50,75,100000,random_node,autoref,True,,10.0,675.0,1.0,1.375
mofn-3-7-10,50,75,100000,modal_var,autoref,True,,10.0,675.0,1.0,1.422
mofn-3-7-10,75,75,100000,random_node,autoref,True,,10.0,844.0,1.0,2.625
new-thyroid,5,51,1000,infogain,autoref,True,,19.0,771.0,1.0,0.078
mofn-3-7-10,75,75,100000,modal_var,autoref,True,,10.0,844.0,1.0,2.594
new-thyroid,10,51,1000,infogain,autoref,True,,22.0,1681.0,66.0,1.031
new-thyroid,5,51,1000,shapley,autoref,True,,19.0,771.0,1.0,0.063
new-thyroid,10,51,1000,shapley,autoref,True,,22.0,1681.0,66.0,1.093
messidor,10,64,100000,shapley,autoref,False,timeout dopo 300.4s,88.0,,,300.39
messidor,10,64,100000,infogain,autoref,False,timeout dopo 300.2s,88.0,,,300.172
new-thyroid,20,51,1000,infogain,autoref,True,,25.0,1861.0,2043.0,43.281
new-thyroid,20,51,1000,shapley,autoref,True,,25.0,1861.0,2043.0,45.453
messidor,5,64,100000,random_node,autoref,False,timeout dopo 308.8s,74.0,,,308.843
messidor,2,64,100000,random_node,autoref,True,,52.0,5575.0,1.0,0.093
messidor,3,64,100000,random_node,autoref,True,,61.0,47554.0,1.0,0.438
messidor,4,64,100000,random_node,autoref,True,,68.0,312579.0,1.0,2.797
new-thyroid,5,51,1000,pvalue,autoref,True,,19.0,771.0,1.0,0.078
new-thyroid,10,51,1000,pvalue,autoref,True,,22.0,1681.0,66.0,0.937
messidor,10,64,100000,pvalue,autoref,False,timeout dopo 300.4s,88.0,,,300.375
messidor,4,64,10000,random_node,autoref,False,timeout dopo 300.1s,68.0,,,300.079
new-thyroid,5,51,1000,random_node,autoref,True,,19.0,771.0,1.0,0.062
new-thyroid,10,51,1000,random_node,autoref,True,,22.0,1661.0,51.0,1.407
new-thyroid,20,51,1000,pvalue,autoref,True,,25.0,1861.0,2043.0,41.282
new-thyroid,20,51,1000,random_node,autoref,True,,25.0,1792.0,1064.0,44.266
messidor,10,64,100000,modal_var,autoref,False,timeout dopo 300.3s,88.0,,,300.297
messidor,7,64,100000,shapley,autoref,False,timeout dopo 300.3s,81.0,,,300.266
messidor,7,64,100000,infogain,autoref,False,timeout dopo 300.6s,81.0,,,300.656
new-thyroid,30,51,1000,shapley,autoref,False,timeout dopo 300.0s,27.0,,,300.015
new-thyroid,30,51,1000,infogain,autoref,False,timeout dopo 300.0s,27.0,,,300.016
new-thyroid,30,51,1000,random_node,autoref,True,,27.0,1683.0,3085.0,197.921
messidor,7,64,100000,pvalue,autoref,False,timeout dopo 300.0s,81.0,,,300.016
new-thyroid,30,51,1000,pvalue,autoref,False,timeout dopo 300.0s,27.0,,,300.016
messidor,7,64,100000,modal_var,autoref,False,timeout dopo 303.3s,81.0,,,303.328
new-thyroid,25,51,1000,infogain,autoref,True,,26.0,1718.0,10288.0,199.828
new-thyroid,25,51,1000,shapley,autoref,True,,26.0,1718.0,10288.0,208.906
messidor,6,64,100000,shapley,autoref,False,timeout dopo 300.2s,77.0,,,300.25
new-thyroid,5,51,1000,modal_var,autoref,True,,19.0,771.0,1.0,0.063
new-thyroid,10,51,1000,modal_var,autoref,True,,22.0,1741.0,17.0,0.719
new-thyroid,20,51,1000,modal_var,autoref,True,,25.0,2142.0,458.0,17.109
new-thyroid,25,51,1000,pvalue,autoref,True,,26.0,1718.0,10288.0,199.672
messidor,6,64,100000,infogain,autoref,False,timeout dopo 300.5s,77.0,,,300.515
new-thyroid,5,51,10000,infogain,autoref,True,,19.0,771.0,1.0,0.078
new-thyroid,10,51,10000,infogain,autoref,True,,22.0,8002.0,1.0,0.562
new-thyroid,20,51,10000,infogain,autoref,True,,25.0,12028.0,16.0,6.516
new-thyroid,50,51,1000,random_node,autoref,False,timeout dopo 300.0s,28.0,,,300.015
new-thyroid,30,51,1000,modal_var,autoref,True,,27.0,1938.0,1116.0,58.031
new-thyroid,30,51,10000,infogain,autoref,True,,27.0,12947.0,128.0,41.875
messidor,6,64,100000,pvalue,autoref,False,timeout dopo 300.4s,77.0,,,300.391
new-thyroid,5,51,10000,shapley,autoref,True,,19.0,771.0,1.0,0.079
new-thyroid,10,51,10000,shapley,autoref,True,,22.0,8002.0,1.0,0.516
new-thyroid,20,51,10000,shapley,autoref,True,,25.0,12028.0,16.0,6.5
new-thyroid,30,51,10000,shapley,autoref,True,,27.0,12947.0,128.0,42.234
messidor,6,64,100000,modal_var,autoref,False,timeout dopo 300.1s,77.0,,,300.141
new-thyroid,5,51,10000,pvalue,autoref,True,,19.0,771.0,1.0,0.062
new-thyroid,10,51,10000,pvalue,autoref,True,,22.0,8002.0,1.0,0.468
new-thyroid,20,51,10000,pvalue,autoref,True,,25.0,12028.0,16.0,6.39
new-thyroid,27,51,1000,shapley,autoref,False,timeout dopo 300.0s,27.0,,,300.016
new-thyroid,27,51,1000,infogain,autoref,False,timeout dopo 300.0s,27.0,,,300.015
new-thyroid,30,51,10000,pvalue,autoref,True,,27.0,12947.0,128.0,41.563
new-thyroid,27,51,1000,pvalue,autoref,False,timeout dopo 300.0s,27.0,,,300.031
new-thyroid,40,51,1000,random_node,autoref,False,timeout dopo 300.0s,27.0,,,300.016
new-thyroid,50,51,10000,infogain,autoref,True,,28.0,14207.0,323.0,285.453
new-thyroid,50,51,1000,modal_var,autoref,False,timeout dopo 300.0s,28.0,,,300.016
new-thyroid,50,51,10000,shapley,autoref,True,,28.0,14207.0,323.0,284.312
new-thyroid,26,51,1000,infogain,autoref,True,,27.0,1863.0,11618.0,265.906
new-thyroid,5,51,10000,random_node,autoref,True,,19.0,771.0,1.0,0.063
new-thyroid,10,51,10000,random_node,autoref,True,,22.0,8002.0,1.0,0.515
new-thyroid,26,51,1000,shapley,autoref,True,,27.0,1863.0,11618.0,277.234
new-thyroid,5,51,10000,modal_var,autoref,True,,19.0,771.0,1.0,0.063
new-thyroid,10,51,10000,modal_var,autoref,True,,22.0,8002.0,1.0,0.5
new-thyroid,20,51,10000,modal_var,autoref,True,,25.0,11444.0,3.0,3.328
new-thyroid,20,51,10000,random_node,autoref,True,,25.0,11900.0,15.0,8.61
new-thyroid,30,51,10000,modal_var,autoref,True,,27.0,12947.0,11.0,10.891
new-thyroid,50,51,10000,pvalue,autoref,True,,28.0,14207.0,323.0,284.156
new-thyroid,30,51,10000,random_node,autoref,True,,27.0,14079.0,39.0,34.203
new-thyroid,26,51,1000,pvalue,autoref,True,,27.0,1863.0,11618.0,266.688
new-thyroid,5,51,100000,infogain,autoref,True,,19.0,771.0,1.0,0.063
new-thyroid,10,51,100000,infogain,autoref,True,,22.0,8002.0,1.0,0.563
new-thyroid,20,51,100000,infogain,autoref,True,,25.0,38839.0,1.0,4.219
new-thyroid,30,51,100000,infogain,autoref,True,,27.0,101170.0,2.0,13.828
new-thyroid,40,51,1000,modal_var,autoref,True,,27.0,1741.0,3597.0,257.703
new-thyroid,51,51,10000,infogain,autoref,False,timeout dopo 300.0s,28.0,,,300.015
new-thyroid,5,51,100000,shapley,autoref,True,,19.0,771.0,1.0,0.063
new-thyroid,10,51,100000,shapley,autoref,True,,22.0,8002.0,1.0,0.516
new-thyroid,20,51,100000,shapley,autoref,True,,25.0,38839.0,1.0,4.219
new-thyroid,35,51,1000,random_node,autoref,False,timeout dopo 300.0s,27.0,,,300.015
new-thyroid,50,51,10000,modal_var,autoref,True,,28.0,13454.0,84.0,153.875
new-thyroid,30,51,100000,shapley,autoref,True,,27.0,101170.0,2.0,13.531
new-thyroid,50,51,100000,infogain,autoref,True,,28.0,111679.0,4.0,90.25
new-thyroid,51,51,10000,shapley,autoref,False,timeout dopo 300.0s,28.0,,,300.031
new-thyroid,5,51,100000,pvalue,autoref,True,,19.0,771.0,1.0,0.063
new-thyroid,10,51,100000,pvalue,autoref,True,,22.0,8002.0,1.0,0.531
new-thyroid,20,51,100000,pvalue,autoref,True,,25.0,38839.0,1.0,4.39
new-thyroid,30,51,100000,pvalue,autoref,True,,27.0,101170.0,2.0,14.078
new-thyroid,50,51,100000,shapley,autoref,True,,28.0,111679.0,4.0,94.14
new-thyroid,51,51,100000,infogain,autoref,True,,28.0,111556.0,4.0,97.281
new-thyroid,5,51,100000,random_node,autoref,True,,19.0,771.0,1.0,0.062
new-thyroid,10,51,100000,random_node,autoref,True,,22.0,8002.0,1.0,0.5
new-thyroid,20,51,100000,random_node,autoref,True,,25.0,38839.0,1.0,4.188
new-thyroid,30,51,100000,random_node,autoref,True,,27.0,101170.0,2.0,16.797
new-thyroid,51,51,10000,pvalue,autoref,False,timeout dopo 300.0s,28.0,,,300.016
new-thyroid,5,51,100000,modal_var,autoref,True,,19.0,771.0,1.0,0.063
new-thyroid,10,51,100000,modal_var,autoref,True,,22.0,8002.0,1.0,0.515
new-thyroid,20,51,100000,modal_var,autoref,True,,25.0,38839.0,1.0,4.281
new-thyroid,50,51,100000,pvalue,autoref,True,,28.0,111679.0,4.0,91.141
new-thyroid,50,51,10000,random_node,autoref,False,timeout dopo 300.0s,28.0,,,300.016
new-thyroid,51,51,10000,modal_var,autoref,True,,28.0,13454.0,96.0,170.734
new-thyroid,30,51,100000,modal_var,autoref,True,,27.0,101170.0,2.0,13.406
new-thyroid,51,51,100000,shapley,autoref,True,,28.0,111556.0,4.0,95.531
new-thyroid,50,51,100000,modal_var,autoref,True,,28.0,111679.0,3.0,48.875
new-thyroid,51,51,100000,pvalue,autoref,True,,28.0,111556.0,4.0,97.875
new-thyroid,50,51,100000,random_node,autoref,True,,28.0,111679.0,6.0,125.36
new-thyroid,45,51,1000,modal_var,autoref,False,timeout dopo 300.0s,27.0,,,300.015
new-thyroid,32,51,1000,random_node,autoref,False,timeout dopo 300.0s,27.0,,,300.016
new-thyroid,40,51,10000,random_node,autoref,True,,27.0,12679.0,91.0,145.188
new-thyroid,51,51,100000,modal_var,autoref,True,,28.0,111556.0,4.0,53.297
new-thyroid,51,51,100000,random_node,autoref,True,,28.0,111556.0,6.0,137.469
pendigits,5,44,1000,infogain,autoref,False,hard kill dopo 360s (formula fuori dai check cooperativi),,,,360.0
new-thyroid,31,51,1000,random_node,autoref,True,,27.0,1982.0,3303.0,242.109
pendigits,5,44,1000,shapley,autoref,False,hard kill dopo 360s (formula fuori dai check cooperativi),,,,360.0
new-thyroid,42,51,1000,modal_var,autoref,False,timeout dopo 303.8s,27.0,,,303.797
new-thyroid,45,51,10000,random_node,autoref,False,timeout dopo 300.1s,27.0,,,300.125
pendigits,5,44,1000,pvalue,autoref,False,hard kill dopo 360s (formula fuori dai check cooperativi),,,,360.0
pendigits,5,44,1000,random_node,autoref,False,hard kill dopo 360s (formula fuori dai check cooperativi),,,,360.016
pendigits,5,44,1000,modal_var,autoref,False,hard kill dopo 360s (formula fuori dai check cooperativi),,,,360.016
new-thyroid,42,51,10000,random_node,autoref,True,,27.0,12805.0,121.0,184.562
pendigits,2,44,1000,infogain,autoref,False,timeout dopo 300.0s,83.0,,,300.046
pendigits,2,44,1000,shapley,autoref,False,timeout dopo 300.0s,83.0,,,300.047
pendigits,1,44,1000,infogain,autoref,True,,70.0,435682.0,1.0,9.125
pendigits,1,44,1000,shapley,autoref,True,,70.0,435682.0,1.0,9.203
new-thyroid,41,51,1000,modal_var,autoref,True,,27.0,1741.0,3811.0,286.031
pendigits,5,44,10000,infogain,autoref,False,hard kill dopo 360s (formula fuori dai check cooperativi),,,,360.015
pendigits,2,44,1000,pvalue,autoref,False,timeout dopo 300.0s,83.0,,,300.062
pendigits,1,44,1000,pvalue,autoref,True,,70.0,435682.0,1.0,9.328
pendigits,2,44,1000,random_node,autoref,False,timeout dopo 300.2s,83.0,,,300.188
pendigits,1,44,1000,random_node,autoref,True,,70.0,435682.0,1.0,9.469
new-thyroid,43,51,10000,random_node,autoref,True,,27.0,12981.0,146.0,236.781
pendigits,2,44,1000,modal_var,autoref,False,timeout dopo 300.0s,83.0,,,300.437
pendigits,1,44,1000,modal_var,autoref,True,,70.0,435682.0,1.0,9.765
pendigits,5,44,10000,shapley,autoref,False,hard kill dopo 360s (formula fuori dai check cooperativi),,,,360.031
pendigits,5,44,10000,pvalue,autoref,False,hard kill dopo 360s (formula fuori dai check cooperativi),,,,360.016
pendigits,5,44,10000,random_node,autoref,False,hard kill dopo 360s (formula fuori dai check cooperativi),,,,360.015
pendigits,2,44,10000,infogain,autoref,False,timeout dopo 300.4s,83.0,,,300.484
pendigits,1,44,10000,infogain,autoref,True,,70.0,435682.0,1.0,9.516
pendigits,5,44,10000,modal_var,autoref,False,hard kill dopo 360s (formula fuori dai check cooperativi),,,,360.016
new-thyroid,44,51,10000,random_node,autoref,True,,27.0,13420.0,123.0,225.172
pendigits,5,44,100000,infogain,autoref,False,hard kill dopo 360s (formula fuori dai check cooperativi),,,,360.031
pendigits,5,44,100000,shapley,autoref,False,hard kill dopo 360s (formula fuori dai check cooperativi),,,,360.016
pendigits,2,44,10000,shapley,autoref,False,timeout dopo 300.1s,83.0,,,300.141
pendigits,1,44,10000,shapley,autoref,True,,70.0,435682.0,1.0,9.625
pendigits,2,44,10000,pvalue,autoref,False,timeout dopo 300.1s,83.0,,,300.14
pendigits,1,44,10000,pvalue,autoref,True,,70.0,435682.0,1.0,9.921
pendigits,2,44,10000,random_node,autoref,False,timeout dopo 304.8s,83.0,,,304.797
pendigits,1,44,10000,random_node,autoref,True,,70.0,435682.0,1.0,9.625
pendigits,2,44,10000,modal_var,autoref,False,timeout dopo 300.3s,83.0,,,300.328
pendigits,5,44,100000,pvalue,autoref,False,hard kill dopo 360s (formula fuori dai check cooperativi),,,,360.016
pendigits,1,44,10000,modal_var,autoref,True,,70.0,435682.0,1.0,9.375
pendigits,5,44,100000,random_node,autoref,False,hard kill dopo 360s (formula fuori dai check cooperativi),,,,360.047
pendigits,2,44,100000,infogain,autoref,False,timeout dopo 305.9s,83.0,,,305.906
pendigits,1,44,100000,infogain,autoref,True,,70.0,435682.0,1.0,9.047
pendigits,2,44,100000,shapley,autoref,False,timeout dopo 305.9s,83.0,,,305.938
pendigits,1,44,100000,shapley,autoref,True,,70.0,435682.0,1.0,9.031
phoneme,5,56,1000,infogain,autoref,False,timeout dopo 300.0s,40.0,,,300.047
phoneme,2,56,1000,infogain,autoref,True,,33.0,10813.0,10.0,0.828
phoneme,3,56,1000,infogain,autoref,True,,36.0,12033.0,1903.0,9.985
phoneme,5,56,1000,shapley,autoref,False,timeout dopo 300.0s,40.0,,,300.047
phoneme,2,56,1000,shapley,autoref,True,,33.0,10813.0,10.0,0.906
pendigits,5,44,100000,modal_var,autoref,False,hard kill dopo 360s (formula fuori dai check cooperativi),,,,360.015
phoneme,3,56,1000,shapley,autoref,True,,36.0,12033.0,1903.0,15.516
phoneme,5,56,1000,modal_var,autoref,True,,40.0,19617.0,1977.0,53.0
phoneme,5,56,1000,pvalue,autoref,False,timeout dopo 300.0s,40.0,,,300.047
phoneme,2,56,1000,pvalue,autoref,True,,33.0,10813.0,10.0,0.844
phoneme,3,56,1000,pvalue,autoref,True,,36.0,12033.0,1903.0,9.891
phoneme,4,56,1000,infogain,autoref,True,,38.0,10752.0,28487.0,96.266
pendigits,2,44,100000,pvalue,autoref,False,hard kill dopo 360s (formula fuori dai check cooperativi),,,,360.016
pendigits,1,44,100000,pvalue,autoref,True,,70.0,435682.0,1.0,9.625
phoneme,5,56,10000,infogain,autoref,True,,40.0,51384.0,575.0,40.547
pendigits,2,44,100000,random_node,autoref,False,hard kill dopo 360s (formula fuori dai check cooperativi),,,,360.015
phoneme,5,56,10000,shapley,autoref,True,,40.0,51384.0,575.0,43.516
phoneme,5,56,1000,random_node,autoref,False,timeout dopo 304.9s,40.0,,,304.906
pendigits,1,44,100000,random_node,autoref,True,,70.0,435682.0,1.0,9.14
phoneme,4,56,1000,pvalue,autoref,True,,38.0,10752.0,28487.0,97.391
phoneme,2,56,1000,random_node,autoref,True,,33.0,9752.0,34.0,1.953
phoneme,4,56,1000,shapley,autoref,True,,38.0,10752.0,28487.0,160.094
phoneme,3,56,1000,random_node,autoref,True,,36.0,15418.0,1159.0,29.922
phoneme,5,56,10000,pvalue,autoref,True,,40.0,51384.0,575.0,41.843
phoneme,5,56,10000,modal_var,autoref,True,,40.0,51384.0,124.0,46.828
pendigits,2,44,100000,modal_var,autoref,False,timeout dopo 303.0s,83.0,,,303.031
phoneme,10,56,1000,modal_var,autoref,False,timeout dopo 300.0s,45.0,,,300.016
pendigits,1,44,100000,modal_var,autoref,True,,70.0,435682.0,1.0,9.828
phoneme,5,56,100000,infogain,autoref,True,,40.0,199646.0,5.0,11.922
phoneme,10,56,10000,shapley,autoref,False,timeout dopo 300.0s,45.0,,,300.031
phoneme,10,56,10000,infogain,autoref,False,timeout dopo 300.0s,45.0,,,300.047
phoneme,5,56,10000,random_node,autoref,False,timeout dopo 301.6s,40.0,,,301.61
phoneme,2,56,10000,random_node,autoref,True,,33.0,36428.0,1.0,0.781
phoneme,3,56,10000,random_node,autoref,True,,36.0,43465.0,33.0,10.547
phoneme,10,56,10000,pvalue,autoref,False,timeout dopo 300.0s,45.0,,,300.047
phoneme,4,56,1000,random_node,autoref,False,timeout dopo 302.5s,38.0,,,302.531
phoneme,10,56,10000,modal_var,autoref,False,timeout dopo 301.2s,45.0,,,301.187
phoneme,5,56,100000,shapley,autoref,True,,40.0,199646.0,5.0,11.64
phoneme,4,56,10000,random_node,autoref,True,,38.0,46127.0,216.0,86.5
phoneme,5,56,100000,pvalue,autoref,True,,40.0,199646.0,5.0,11.656
phoneme,7,56,10000,shapley,autoref,True,,42.0,51983.0,2641.0,227.078
phoneme,7,56,1000,modal_var,autoref,False,timeout dopo 301.1s,42.0,,,301.14
phoneme,10,56,100000,infogain,autoref,False,timeout dopo 300.1s,45.0,,,300.125
phoneme,7,56,10000,infogain,autoref,True,,42.0,51983.0,2641.0,216.766
phoneme,7,56,10000,pvalue,autoref,True,,42.0,51983.0,2641.0,215.406
phoneme,7,56,100000,infogain,autoref,True,,42.0,196211.0,45.0,50.828
phoneme,7,56,10000,modal_var,autoref,True,,42.0,54985.0,401.0,294.203
phoneme,10,56,100000,shapley,autoref,False,timeout dopo 300.1s,45.0,,,300.109
phoneme,6,56,1000,modal_var,autoref,True,,40.0,22100.0,5632.0,146.25
phoneme,7,56,100000,shapley,autoref,True,,42.0,196211.0,45.0,50.657
phoneme,10,56,100000,pvalue,autoref,False,timeout dopo 300.0s,45.0,,,300.031
phoneme,5,56,100000,random_node,autoref,True,,40.0,199646.0,27.0,100.766
phoneme,8,56,100000,infogain,autoref,True,,43.0,209606.0,245.0,200.094
phoneme,8,56,10000,shapley,autoref,False,timeout dopo 300.1s,43.0,,,300.062
phoneme,5,56,100000,modal_var,autoref,True,,40.0,199646.0,5.0,14.469
phoneme,7,56,100000,pvalue,autoref,True,,42.0,196211.0,45.0,50.625
phoneme,8,56,10000,infogain,autoref,False,timeout dopo 300.0s,43.0,,,300.047
phoneme,8,56,10000,pvalue,autoref,False,timeout dopo 300.0s,43.0,,,300.032
phoneme,8,56,100000,shapley,autoref,True,,43.0,209606.0,245.0,206.688
phoneme,8,56,10000,modal_var,autoref,False,timeout dopo 302.2s,43.0,,,302.25
phoneme,8,56,100000,pvalue,autoref,True,,43.0,209606.0,245.0,202.89
phoneme,9,56,100000,infogain,autoref,False,timeout dopo 300.2s,45.0,,,300.25
phoneme,10,56,100000,random_node,autoref,False,timeout dopo 302.3s,45.0,,,302.313
pima,5,16,1000,infogain,autoref,False,timeout dopo 300.0s,42.0,,,300.031
pima,2,16,1000,infogain,autoref,True,,33.0,16296.0,2.0,0.25
pima,3,16,1000,infogain,autoref,True,,38.0,10655.0,476.0,2.609
phoneme,10,56,100000,modal_var,autoref,False,timeout dopo 325.9s,45.0,,,325.859
pima,5,16,1000,shapley,autoref,False,timeout dopo 300.0s,42.0,,,300.031
pima,2,16,1000,shapley,autoref,True,,33.0,16296.0,2.0,0.234
pima,3,16,1000,shapley,autoref,True,,38.0,10655.0,476.0,4.593
pima,4,16,1000,infogain,autoref,True,,38.0,11174.0,18106.0,69.797
phoneme,7,56,100000,modal_var,autoref,True,,42.0,195674.0,12.0,47.391
phoneme,9,56,100000,shapley,autoref,False,timeout dopo 300.2s,45.0,,,300.234
pima,5,16,10000,infogain,autoref,True,,42.0,28015.0,110.0,10.547
pima,5,16,1000,modal_var,autoref,True,,42.0,17503.0,2036.0,42.86
pima,5,16,1000,pvalue,autoref,False,timeout dopo 300.0s,42.0,,,300.047
pima,2,16,1000,pvalue,autoref,True,,33.0,16296.0,2.0,0.235
pima,3,16,1000,pvalue,autoref,True,,38.0,10655.0,476.0,2.766
pima,4,16,1000,shapley,autoref,True,,38.0,11174.0,18106.0,119.532
pima,5,16,10000,shapley,autoref,True,,42.0,28015.0,110.0,11.047
phoneme,9,56,100000,pvalue,autoref,False,timeout dopo 300.3s,45.0,,,300.297
pima,4,16,1000,pvalue,autoref,True,,38.0,11174.0,18106.0,70.969
pima,5,16,10000,pvalue,autoref,True,,42.0,28015.0,110.0,10.203
phoneme,8,56,100000,modal_var,autoref,True,,43.0,227040.0,28.0,173.031
pima,5,16,1000,random_node,autoref,False,timeout dopo 300.1s,42.0,,,300.094
pima,2,16,1000,random_node,autoref,True,,33.0,13793.0,2.0,0.313
phoneme,7,56,100000,random_node,autoref,False,timeout dopo 306.8s,42.0,,,306.781
pima,3,16,1000,random_node,autoref,True,,38.0,15090.0,846.0,16.578
pima,10,16,10000,infogain,autoref,False,timeout dopo 300.0s,49.0,,,300.031
pima,10,16,1000,modal_var,autoref,False,timeout dopo 300.5s,49.0,,,300.562
phoneme,9,56,100000,modal_var,autoref,True,,45.0,259238.0,29.0,197.641
pima,10,16,10000,shapley,autoref,False,timeout dopo 300.0s,49.0,,,300.015
pima,5,16,10000,modal_var,autoref,True,,42.0,30407.0,72.0,26.156
pima,10,16,10000,pvalue,autoref,False,timeout dopo 300.0s,49.0,,,300.016
pima,5,16,10000,random_node,autoref,False,timeout dopo 300.9s,42.0,,,300.875
pima,2,16,10000,random_node,autoref,True,,33.0,16512.0,1.0,0.234
pima,3,16,10000,random_node,autoref,True,,38.0,29181.0,4.0,1.032
pima,7,16,10000,infogain,autoref,True,,45.0,34653.0,1868.0,140.531
pima,4,16,10000,random_node,autoref,True,,38.0,33888.0,116.0,33.657
pima,5,16,100000,infogain,autoref,True,,42.0,177057.0,3.0,5.968
phoneme,6,56,100000,random_node,autoref,False,timeout dopo 303.7s,40.0,,,303.703
pima,5,16,100000,shapley,autoref,True,,42.0,177057.0,3.0,6.063
pima,4,16,1000,random_node,autoref,False,timeout dopo 300.0s,38.0,,,300.031
pima,5,16,100000,pvalue,autoref,True,,42.0,177057.0,3.0,5.844
pima,7,16,10000,shapley,autoref,True,,45.0,34653.0,1868.0,149.36
pima,7,16,10000,pvalue,autoref,True,,45.0,34653.0,1868.0,141.046
pima,7,16,1000,modal_var,autoref,False,timeout dopo 301.0s,45.0,,,301.0
pima,10,16,10000,modal_var,autoref,False,timeout dopo 300.7s,49.0,,,300.734
pima,8,16,10000,infogain,autoref,False,timeout dopo 300.1s,46.0,,,300.078
pima,5,16,100000,random_node,autoref,True,,42.0,177057.0,4.0,10.14
pima,10,16,100000,infogain,autoref,False,timeout dopo 319.5s,49.0,,,319.516
pima,6,16,1000,modal_var,autoref,True,,44.0,15548.0,5739.0,140.437
pima,5,16,100000,modal_var,autoref,True,,42.0,177057.0,5.0,11.515
pima,8,16,10000,shapley,autoref,False,timeout dopo 300.8s,46.0,,,300.828
pima,10,16,100000,shapley,autoref,False,timeout dopo 322.7s,49.0,,,322.688
pima,10,16,100000,pvalue,autoref,False,timeout dopo 320.9s,49.0,,,320.922
pima,7,16,100000,infogain,autoref,True,,45.0,253495.0,31.0,37.328
pima,7,16,100000,shapley,autoref,True,,45.0,253495.0,31.0,38.203
pima,8,16,10000,pvalue,autoref,False,timeout dopo 300.0s,46.0,,,300.015
pima,7,16,100000,pvalue,autoref,True,,45.0,253495.0,31.0,38.203
pima,8,16,100000,shapley,autoref,True,,46.0,267893.0,63.0,87.297
pima,8,16,100000,infogain,autoref,True,,46.0,267893.0,63.0,86.516
pima,7,16,10000,modal_var,autoref,False,timeout dopo 300.2s,45.0,,,300.218
pima,8,16,100000,pvalue,autoref,True,,46.0,267893.0,63.0,85.656
pima,10,16,100000,random_node,autoref,False,timeout dopo 304.1s,49.0,,,304.094
ring,5,82,1000,infogain,autoref,False,timeout dopo 300.0s,97.0,,,300.094
ring,2,82,1000,infogain,autoref,True,,70.0,12492.0,603.0,7.562
pima,9,16,100000,shapley,autoref,True,,47.0,251351.0,122.0,178.969
pima,6,16,10000,modal_var,autoref,True,,44.0,36130.0,261.0,119.015
pima,10,16,100000,modal_var,autoref,False,timeout dopo 307.5s,49.0,,,307.5
pima,9,16,100000,infogain,autoref,True,,47.0,251351.0,122.0,177.422
ring,5,82,1000,shapley,autoref,False,timeout dopo 300.0s,97.0,,,300.047
ring,2,82,1000,shapley,autoref,True,,70.0,12492.0,603.0,23.86
pima,9,16,100000,pvalue,autoref,True,,47.0,251351.0,122.0,177.344
pima,7,16,100000,modal_var,autoref,True,,45.0,241933.0,41.0,172.844
pima,7,16,100000,random_node,autoref,False,timeout dopo 303.1s,45.0,,,303.062
ring,3,82,1000,infogain,autoref,False,timeout dopo 300.0s,79.0,,,300.047
ring,5,82,1000,pvalue,autoref,False,timeout dopo 300.0s,97.0,,,300.094
ring,2,82,1000,pvalue,autoref,True,,70.0,12492.0,603.0,8.109
ring,5,82,1000,random_node,autoref,False,timeout dopo 300.0s,97.0,,,300.047
ring,5,82,1000,modal_var,autoref,False,timeout dopo 300.0s,97.0,,,300.031
ring,2,82,1000,modal_var,autoref,True,,70.0,11405.0,44.0,1.344
ring,2,82,1000,random_node,autoref,True,,70.0,12465.0,800.0,34.688
ring,3,82,1000,shapley,autoref,False,timeout dopo 300.0s,79.0,,,300.016
ring,5,82,10000,infogain,autoref,False,timeout dopo 300.0s,97.0,,,300.031
ring,2,82,10000,infogain,autoref,True,,70.0,28621.0,1.0,0.313
ring,3,82,10000,infogain,autoref,True,,79.0,35468.0,698.0,41.407
pima,8,16,100000,modal_var,autoref,False,timeout dopo 300.8s,46.0,,,300.812
pima,6,16,100000,random_node,autoref,True,,44.0,233508.0,64.0,273.421
ring,5,82,10000,shapley,autoref,False,timeout dopo 300.2s,97.0,,,300.157
ring,2,82,10000,shapley,autoref,True,,70.0,28621.0,1.0,0.328
ring,3,82,1000,pvalue,autoref,False,timeout dopo 300.0s,79.0,,,300.047
ring,3,82,10000,shapley,autoref,True,,79.0,35468.0,698.0,69.782
ring,3,82,1000,modal_var,autoref,False,timeout dopo 300.0s,79.0,,,300.016
ring,5,82,10000,pvalue,autoref,False,timeout dopo 300.0s,97.0,,,300.016
ring,2,82,10000,pvalue,autoref,True,,70.0,28621.0,1.0,0.313
ring,3,82,1000,random_node,autoref,False,timeout dopo 300.0s,79.0,,,300.032
ring,3,82,10000,pvalue,autoref,True,,79.0,35468.0,698.0,42.109
ring,4,82,10000,infogain,autoref,False,timeout dopo 300.0s,92.0,,,300.015
ring,5,82,10000,random_node,autoref,False,timeout dopo 301.1s,97.0,,,301.14
ring,2,82,10000,random_node,autoref,True,,70.0,28621.0,1.0,0.313
ring,5,82,10000,modal_var,autoref,False,timeout dopo 300.3s,97.0,,,300.328
ring,2,82,10000,modal_var,autoref,True,,70.0,28621.0,1.0,0.312
ring,5,82,100000,infogain,autoref,False,timeout dopo 301.0s,97.0,,,300.984
ring,2,82,100000,infogain,autoref,True,,70.0,28621.0,1.0,0.375
ring,3,82,100000,infogain,autoref,True,,79.0,111255.0,1.0,1.375
ring,4,82,100000,infogain,autoref,True,,92.0,669153.0,5.0,17.219
ring,4,82,10000,shapley,autoref,False,timeout dopo 300.2s,92.0,,,300.25
ring,5,82,100000,shapley,autoref,False,timeout dopo 301.6s,97.0,,,301.593
ring,2,82,100000,shapley,autoref,True,,70.0,28621.0,1.0,0.359
ring,3,82,100000,shapley,autoref,True,,79.0,111255.0,1.0,1.469
ring,4,82,100000,shapley,autoref,True,,92.0,669153.0,5.0,18.328
ring,5,82,100000,pvalue,autoref,False,timeout dopo 302.4s,97.0,,,302.437
ring,2,82,100000,pvalue,autoref,True,,70.0,28621.0,1.0,0.328
ring,3,82,100000,pvalue,autoref,True,,79.0,111255.0,1.0,1.469
ring,4,82,10000,pvalue,autoref,False,timeout dopo 300.0s,92.0,,,300.032
ring,3,82,10000,modal_var,autoref,True,,79.0,41405.0,250.0,121.703
ring,4,82,100000,pvalue,autoref,True,,92.0,669153.0,5.0,17.922
ring,5,82,100000,random_node,autoref,False,timeout dopo 321.4s,97.0,,,321.453
ring,2,82,100000,random_node,autoref,True,,70.0,28621.0,1.0,0.344
ring,3,82,100000,random_node,autoref,True,,79.0,111255.0,1.0,1.453
ring,3,82,10000,random_node,autoref,False,timeout dopo 300.7s,79.0,,,300.672
ring,4,82,100000,random_node,autoref,True,,92.0,667009.0,15.0,83.969
segmentation,5,75,10000,infogain,autoref,True,,42.0,36278.0,99.0,10.969
segmentation,5,75,1000,infogain,autoref,False,timeout dopo 300.0s,42.0,,,300.047
segmentation,2,75,1000,infogain,autoref,True,,23.0,1022.0,1.0,0.047
segmentation,3,75,1000,infogain,autoref,True,,34.0,7445.0,8.0,0.36
segmentation,5,75,1000,shapley,autoref,False,timeout dopo 300.0s,42.0,,,300.031
segmentation,2,75,1000,shapley,autoref,True,,23.0,1022.0,1.0,0.047
segmentation,3,75,1000,shapley,autoref,True,,34.0,7445.0,8.0,0.375
segmentation,5,75,1000,modal_var,autoref,True,,42.0,7823.0,6356.0,111.64
ring,5,82,100000,modal_var,autoref,False,timeout dopo 319.0s,97.0,,,319.031
ring,2,82,100000,modal_var,autoref,True,,70.0,28621.0,1.0,0.329
ring,3,82,100000,modal_var,autoref,True,,79.0,111255.0,1.0,1.422
segmentation,5,75,1000,pvalue,autoref,False,timeout dopo 300.0s,42.0,,,300.032
segmentation,2,75,1000,pvalue,autoref,True,,23.0,1022.0,1.0,0.047
segmentation,3,75,1000,pvalue,autoref,True,,34.0,7445.0,8.0,0.328
ring,4,82,10000,modal_var,autoref,False,timeout dopo 302.2s,92.0,,,302.188
ring,4,82,100000,modal_var,autoref,True,,92.0,677006.0,11.0,44.36
segmentation,5,75,10000,shapley,autoref,True,,42.0,36278.0,99.0,10.937
segmentation,5,75,1000,random_node,autoref,False,timeout dopo 300.0s,42.0,,,300.031
segmentation,2,75,1000,random_node,autoref,True,,23.0,1022.0,1.0,0.031
segmentation,3,75,1000,random_node,autoref,True,,34.0,6988.0,4.0,0.313
segmentation,5,75,10000,pvalue,autoref,True,,42.0,36278.0,99.0,10.281
segmentation,4,75,1000,random_node,autoref,True,,38.0,7666.0,1349.0,23.11
segmentation,5,75,10000,random_node,autoref,True,,42.0,36575.0,107.0,33.734
segmentation,10,75,10000,infogain,autoref,False,timeout dopo 300.0s,62.0,,,300.031
segmentation,4,75,1000,infogain,autoref,True,,38.0,6492.0,53516.0,278.484
segmentation,5,75,10000,modal_var,autoref,True,,42.0,35590.0,13.0,4.453
segmentation,4,75,1000,shapley,autoref,False,timeout dopo 300.0s,38.0,,,300.031
segmentation,5,75,100000,infogain,autoref,True,,42.0,131560.0,1.0,2.312
segmentation,10,75,1000,modal_var,autoref,False,timeout dopo 300.2s,62.0,,,300.203
segmentation,4,75,1000,pvalue,autoref,True,,38.0,6492.0,53516.0,287.282
segmentation,5,75,100000,shapley,autoref,True,,42.0,131560.0,1.0,2.281
segmentation,10,75,10000,shapley,autoref,False,timeout dopo 300.1s,62.0,,,300.063
segmentation,10,75,10000,pvalue,autoref,False,timeout dopo 300.0s,62.0,,,300.031
segmentation,10,75,10000,random_node,autoref,False,timeout dopo 300.1s,62.0,,,300.11
segmentation,7,75,10000,infogain,autoref,False,timeout dopo 300.1s,52.0,,,300.063
segmentation,10,75,10000,modal_var,autoref,False,timeout dopo 300.0s,62.0,,,300.032
segmentation,7,75,1000,modal_var,autoref,False,timeout dopo 300.3s,52.0,,,300.281
segmentation,10,75,100000,shapley,autoref,False,timeout dopo 300.2s,62.0,,,300.172
segmentation,10,75,100000,infogain,autoref,False,timeout dopo 300.7s,62.0,,,300.656
segmentation,7,75,10000,shapley,autoref,False,timeout dopo 300.0s,52.0,,,300.047
segmentation,7,75,10000,pvalue,autoref,False,timeout dopo 300.0s,52.0,,,300.047
segmentation,7,75,10000,random_node,autoref,False,timeout dopo 304.9s,52.0,,,304.859
segmentation,6,75,10000,infogain,autoref,False,timeout dopo 300.1s,49.0,,,300.078
segmentation,5,75,100000,pvalue,autoref,True,,42.0,131560.0,1.0,2.219
segmentation,7,75,10000,modal_var,autoref,False,timeout dopo 300.1s,52.0,,,300.109
segmentation,7,75,100000,shapley,autoref,False,timeout dopo 300.2s,52.0,,,300.219
segmentation,6,75,1000,modal_var,autoref,False,timeout dopo 300.0s,49.0,,,300.047
segmentation,5,75,100000,random_node,autoref,True,,42.0,131560.0,1.0,2.125
segmentation,7,75,100000,infogain,autoref,False,timeout dopo 300.9s,52.0,,,300.906
segmentation,6,75,10000,shapley,autoref,False,timeout dopo 300.1s,49.0,,,300.093
segmentation,5,75,100000,modal_var,autoref,True,,42.0,131560.0,1.0,2.219
segmentation,6,75,10000,pvalue,autoref,False,timeout dopo 300.0s,49.0,,,300.016
seismic_bumps,5,88,1000,infogain,autoref,True,,43.0,759.0,1.0,0.063
segmentation,6,75,100000,shapley,autoref,True,,49.0,894792.0,24.0,67.125
seismic_bumps,5,88,1000,shapley,autoref,True,,43.0,759.0,1.0,0.047
segmentation,6,75,10000,modal_var,autoref,True,,49.0,159819.0,107.0,85.688
seismic_bumps,10,88,1000,infogain,autoref,True,,47.0,1741.0,524.0,3.078
seismic_bumps,5,88,1000,pvalue,autoref,True,,43.0,759.0,1.0,0.063
seismic_bumps,10,88,1000,pvalue,autoref,True,,47.0,1741.0,524.0,2.922
seismic_bumps,10,88,1000,shapley,autoref,True,,47.0,1741.0,524.0,6.969
segmentation,6,75,100000,infogain,autoref,True,,49.0,894792.0,24.0,65.125
seismic_bumps,5,88,1000,random_node,autoref,True,,43.0,759.0,1.0,0.047
seismic_bumps,10,88,1000,random_node,autoref,True,,47.0,1741.0,233.0,4.203
segmentation,6,75,10000,random_node,autoref,False,timeout dopo 300.6s,49.0,,,300.609
seismic_bumps,5,88,1000,modal_var,autoref,True,,43.0,759.0,1.0,0.047
seismic_bumps,10,88,1000,modal_var,autoref,True,,47.0,1741.0,26.0,0.531
segmentation,10,75,100000,pvalue,autoref,False,timeout dopo 300.1s,62.0,,,300.063
segmentation,10,75,100000,random_node,autoref,False,timeout dopo 304.6s,62.0,,,304.578
segmentation,10,75,100000,modal_var,autoref,False,timeout dopo 302.4s,62.0,,,302.391
seismic_bumps,20,88,1000,infogain,autoref,False,timeout dopo 300.0s,57.0,,,300.031
seismic_bumps,20,88,1000,pvalue,autoref,False,timeout dopo 300.0s,57.0,,,300.031
seismic_bumps,20,88,1000,shapley,autoref,False,timeout dopo 300.0s,57.0,,,300.031
seismic_bumps,20,88,1000,random_node,autoref,False,timeout dopo 309.9s,57.0,,,309.969
seismic_bumps,20,88,1000,modal_var,autoref,False,timeout dopo 300.5s,57.0,,,300.5
seismic_bumps,15,88,1000,modal_var,autoref,True,,53.0,2083.0,347.0,9.797
segmentation,7,75,100000,pvalue,autoref,False,timeout dopo 300.5s,52.0,,,300.485
seismic_bumps,17,88,1000,modal_var,autoref,True,,54.0,2058.0,812.0,24.547
segmentation,6,75,100000,pvalue,autoref,True,,49.0,894792.0,24.0,76.5
seismic_bumps,5,88,10000,infogain,autoref,True,,43.0,759.0,1.0,0.063
seismic_bumps,10,88,10000,infogain,autoref,True,,47.0,3955.0,1.0,0.235
seismic_bumps,15,88,1000,infogain,autoref,False,timeout dopo 300.0s,53.0,,,300.032
seismic_bumps,15,88,1000,shapley,autoref,False,timeout dopo 300.0s,53.0,,,300.032
seismic_bumps,15,88,1000,pvalue,autoref,False,timeout dopo 300.0s,53.0,,,300.031
seismic_bumps,18,88,1000,modal_var,autoref,True,,55.0,2482.0,3088.0,99.75
segmentation,7,75,100000,modal_var,autoref,False,timeout dopo 306.9s,52.0,,,306.922
segmentation,7,75,100000,random_node,autoref,False,timeout dopo 323.6s,52.0,,,323.562
seismic_bumps,12,88,1000,infogain,autoref,True,,49.0,2270.0,4629.0,37.0
seismic_bumps,12,88,1000,pvalue,autoref,True,,49.0,2270.0,4629.0,37.64
segmentation,6,75,100000,modal_var,autoref,True,,49.0,1763668.0,3.0,25.61
seismic_bumps,5,88,10000,shapley,autoref,True,,43.0,759.0,1.0,0.063
seismic_bumps,10,88,10000,shapley,autoref,True,,47.0,3955.0,1.0,0.235
seismic_bumps,15,88,1000,random_node,autoref,False,timeout dopo 327.6s,53.0,,,327.625
seismic_bumps,12,88,1000,shapley,autoref,True,,49.0,2270.0,4629.0,73.219
seismic_bumps,13,88,1000,infogain,autoref,True,,51.0,1920.0,6617.0,43.89
seismic_bumps,13,88,1000,pvalue,autoref,True,,51.0,1920.0,6617.0,46.281
segmentation,6,75,100000,random_node,autoref,True,,49.0,1607666.0,4.0,55.703
seismic_bumps,5,88,10000,pvalue,autoref,True,,43.0,759.0,1.0,0.062
seismic_bumps,10,88,10000,pvalue,autoref,True,,47.0,3955.0,1.0,0.219
seismic_bumps,19,88,1000,modal_var,autoref,True,,56.0,2560.0,2267.0,73.078
seismic_bumps,5,88,10000,random_node,autoref,True,,43.0,759.0,1.0,0.046
seismic_bumps,10,88,10000,random_node,autoref,True,,47.0,3955.0,1.0,0.219
seismic_bumps,12,88,1000,random_node,autoref,True,,49.0,2194.0,1844.0,49.969
seismic_bumps,13,88,1000,shapley,autoref,True,,51.0,1920.0,6617.0,98.359
seismic_bumps,20,88,10000,infogain,autoref,True,,57.0,24031.0,2213.0,248.985
seismic_bumps,13,88,1000,random_node,autoref,True,,51.0,2051.0,4026.0,123.609
seismic_bumps,20,88,10000,shapley,autoref,True,,57.0,24031.0,2213.0,288.125
seismic_bumps,20,88,10000,pvalue,autoref,True,,57.0,24031.0,2213.0,254.094
seismic_bumps,14,88,1000,infogain,autoref,False,timeout dopo 300.0s,53.0,,,300.047
seismic_bumps,5,88,10000,modal_var,autoref,True,,43.0,759.0,1.0,0.062
seismic_bumps,10,88,10000,modal_var,autoref,True,,47.0,3955.0,1.0,0.234
seismic_bumps,14,88,1000,pvalue,autoref,False,timeout dopo 300.0s,53.0,,,300.063
seismic_bumps,5,88,100000,infogain,autoref,True,,43.0,759.0,1.0,0.062
seismic_bumps,10,88,100000,infogain,autoref,True,,47.0,3955.0,1.0,0.234
seismic_bumps,20,88,100000,infogain,autoref,True,,57.0,108993.0,2.0,13.14
seismic_bumps,20,88,10000,random_node,autoref,False,timeout dopo 302.5s,57.0,,,302.469
seismic_bumps,15,88,10000,random_node,autoref,True,,53.0,20326.0,40.0,11.875
seismic_bumps,20,88,10000,modal_var,autoref,True,,57.0,25138.0,91.0,56.984
seismic_bumps,14,88,1000,shapley,autoref,False,timeout dopo 300.0s,53.0,,,300.031
seismic_bumps,5,88,100000,shapley,autoref,True,,43.0,759.0,1.0,0.047
seismic_bumps,10,88,100000,shapley,autoref,True,,47.0,3955.0,1.0,0.234
seismic_bumps,20,88,100000,shapley,autoref,True,,57.0,108993.0,2.0,12.5
seismic_bumps,30,88,10000,infogain,autoref,False,timeout dopo 300.0s,61.0,,,300.016
seismic_bumps,14,88,1000,random_node,autoref,False,timeout dopo 302.4s,53.0,,,302.422
seismic_bumps,5,88,100000,pvalue,autoref,True,,43.0,759.0,1.0,0.047
seismic_bumps,10,88,100000,pvalue,autoref,True,,47.0,3955.0,1.0,0.234
seismic_bumps,30,88,10000,shapley,autoref,False,timeout dopo 300.0s,61.0,,,300.016
seismic_bumps,20,88,100000,pvalue,autoref,True,,57.0,108993.0,2.0,12.766
seismic_bumps,30,88,10000,pvalue,autoref,False,timeout dopo 300.0s,61.0,,,300.063
seismic_bumps,17,88,10000,random_node,autoref,True,,54.0,24083.0,267.0,211.297
seismic_bumps,30,88,100000,infogain,autoref,False,timeout dopo 302.9s,61.0,,,302.859
seismic_bumps,30,88,10000,modal_var,autoref,False,timeout dopo 300.0s,61.0,,,300.032
seismic_bumps,30,88,100000,shapley,autoref,False,timeout dopo 301.5s,61.0,,,301.516
seismic_bumps,25,88,100000,infogain,autoref,True,,58.0,136077.0,10.0,55.266
seismic_bumps,25,88,10000,infogain,autoref,False,timeout dopo 300.0s,58.0,,,300.032
seismic_bumps,25,88,100000,shapley,autoref,True,,58.0,136077.0,10.0,59.875
seismic_bumps,25,88,10000,shapley,autoref,False,timeout dopo 300.0s,58.0,,,300.015
seismic_bumps,30,88,100000,pvalue,autoref,False,timeout dopo 300.1s,61.0,,,300.078
seismic_bumps,27,88,100000,infogain,autoref,True,,60.0,141466.0,33.0,167.828
seismic_bumps,25,88,10000,pvalue,autoref,False,timeout dopo 300.0s,58.0,,,300.031
seismic_bumps,18,88,10000,random_node,autoref,False,timeout dopo 300.0s,55.0,,,300.015
seismic_bumps,5,88,100000,random_node,autoref,True,,43.0,759.0,1.0,0.063
seismic_bumps,10,88,100000,random_node,autoref,True,,47.0,3955.0,1.0,0.234
seismic_bumps,20,88,100000,random_node,autoref,True,,57.0,108993.0,3.0,19.672
seismic_bumps,27,88,100000,shapley,autoref,True,,60.0,141466.0,33.0,167.313
seismic_bumps,25,88,100000,pvalue,autoref,True,,58.0,136077.0,10.0,55.593
seismic_bumps,25,88,10000,modal_var,autoref,False,timeout dopo 300.0s,58.0,,,300.016
seismic_bumps,22,88,10000,infogain,autoref,False,timeout dopo 300.0s,57.0,,,300.031
seismic_bumps,27,88,100000,pvalue,autoref,True,,60.0,141466.0,33.0,164.359
seismic_bumps,22,88,10000,shapley,autoref,False,timeout dopo 300.0s,57.0,,,300.016
seismic_bumps,28,88,100000,infogain,autoref,True,,60.0,143699.0,61.0,255.25
seismic_bumps,22,88,10000,pvalue,autoref,False,timeout dopo 300.0s,57.0,,,300.032
seismic_bumps,28,88,100000,shapley,autoref,True,,60.0,143699.0,61.0,261.157
seismic_bumps,22,88,10000,modal_var,autoref,True,,57.0,26704.0,258.0,264.594
seismic_bumps,30,88,100000,random_node,autoref,False,timeout dopo 315.8s,61.0,,,315.86
seismic_bumps,21,88,10000,infogain,autoref,True,,57.0,20902.0,2196.0,277.14
seismic_bumps,5,88,100000,modal_var,autoref,True,,43.0,759.0,1.0,0.063
seismic_bumps,10,88,100000,modal_var,autoref,True,,47.0,3955.0,1.0,0.297
seismic_bumps,20,88,100000,modal_var,autoref,True,,57.0,108993.0,2.0,11.516
seismic_bumps,28,88,100000,pvalue,autoref,True,,60.0,143699.0,61.0,256.25
seismic_bumps,21,88,10000,shapley,autoref,False,timeout dopo 300.0s,57.0,,,300.016
seismic_bumps,29,88,100000,shapley,autoref,True,,60.0,142239.0,56.0,260.422
seismic_bumps,29,88,100000,infogain,autoref,True,,60.0,142239.0,56.0,257.234
seismic_bumps,21,88,10000,pvalue,autoref,True,,57.0,20902.0,2196.0,280.281
seismic_bumps,23,88,10000,modal_var,autoref,False,timeout dopo 300.0s,58.0,,,300.015
seismic_bumps,25,88,100000,random_node,autoref,False,timeout dopo 303.9s,58.0,,,303.906
shuttle,5,19,1000,modal_var,autoref,True,,40.0,4013.0,1158.0,21.125
seismic_bumps,30,88,100000,modal_var,autoref,False,timeout dopo 305.8s,61.0,,,305.797
seismic_bumps,29,88,100000,pvalue,autoref,True,,60.0,142239.0,56.0,255.625
shuttle,5,19,10000,infogain,autoref,True,,40.0,32606.0,5.0,1.938
shuttle,5,19,1000,infogain,autoref,False,timeout dopo 300.0s,40.0,,,300.047
shuttle,2,19,1000,infogain,autoref,True,,29.0,2138.0,1.0,0.063
shuttle,3,19,1000,infogain,autoref,True,,32.0,2798.0,7.0,0.266
seismic_bumps,22,88,100000,random_node,autoref,True,,57.0,122996.0,17.0,101.531
shuttle,4,19,1000,infogain,autoref,True,,38.0,2986.0,188.0,1.641
shuttle,5,19,10000,shapley,autoref,True,,40.0,32606.0,5.0,2.032
shuttle,5,19,1000,shapley,autoref,False,timeout dopo 300.0s,40.0,,,300.032
shuttle,2,19,1000,shapley,autoref,True,,29.0,2138.0,1.0,0.062
shuttle,5,19,1000,pvalue,autoref,False,timeout dopo 300.0s,40.0,,,300.032
shuttle,3,19,1000,shapley,autoref,True,,32.0,2798.0,7.0,0.282
shuttle,2,19,1000,pvalue,autoref,True,,29.0,2138.0,1.0,0.063
shuttle,3,19,1000,pvalue,autoref,True,,32.0,2798.0,7.0,0.25
shuttle,4,19,1000,shapley,autoref,True,,38.0,2986.0,188.0,2.453
shuttle,4,19,1000,pvalue,autoref,True,,38.0,2986.0,188.0,1.657
shuttle,5,19,10000,pvalue,autoref,True,,40.0,32606.0,5.0,1.968
shuttle,5,19,10000,random_node,autoref,True,,40.0,29897.0,15.0,5.219
shuttle,5,19,1000,random_node,autoref,False,timeout dopo 301.6s,40.0,,,301.64
shuttle,2,19,1000,random_node,autoref,True,,29.0,2138.0,1.0,0.078
shuttle,3,19,1000,random_node,autoref,True,,32.0,2798.0,21.0,0.469
seismic_bumps,25,88,100000,modal_var,autoref,True,,58.0,138674.0,15.0,162.5
shuttle,4,19,1000,random_node,autoref,True,,38.0,3122.0,436.0,8.688
shuttle,5,19,10000,modal_var,autoref,True,,40.0,27483.0,10.0,3.36
shuttle,10,19,1000,modal_var,autoref,False,timeout dopo 300.0s,45.0,,,300.047
shuttle,10,19,10000,infogain,autoref,False,timeout dopo 300.0s,45.0,,,300.016
shuttle,10,19,10000,shapley,autoref,False,timeout dopo 300.0s,45.0,,,300.016
seismic_bumps,23,88,100000,random_node,autoref,False,timeout dopo 302.2s,58.0,,,302.235
shuttle,5,19,100000,infogain,autoref,True,,40.0,89504.0,1.0,1.89
shuttle,10,19,10000,pvalue,autoref,False,timeout dopo 300.0s,45.0,,,300.031
shuttle,10,19,10000,random_node,autoref,False,timeout dopo 300.1s,45.0,,,300.062
shuttle,10,19,10000,modal_var,autoref,False,timeout dopo 301.2s,45.0,,,301.218
seismic_bumps,27,88,100000,modal_var,autoref,False,timeout dopo 302.1s,60.0,,,302.11
shuttle,7,19,10000,infogain,autoref,True,,42.0,36648.0,2608.0,160.407
shuttle,7,19,10000,shapley,autoref,True,,42.0,36648.0,2608.0,176.671
shuttle,7,19,1000,modal_var,autoref,False,timeout dopo 300.0s,42.0,,,300.047
shuttle,10,19,100000,infogain,autoref,True,,45.0,241881.0,73.0,126.813
shuttle,7,19,10000,pvalue,autoref,True,,42.0,36648.0,2608.0,159.953
shuttle,7,19,10000,modal_var,autoref,True,,42.0,37884.0,370.0,227.375
shuttle,7,19,10000,random_node,autoref,False,timeout dopo 300.2s,42.0,,,300.172
shuttle,6,19,1000,modal_var,autoref,True,,42.0,4035.0,10407.0,217.86
shuttle,5,19,100000,shapley,autoref,True,,40.0,89504.0,1.0,1.813
shuttle,8,19,10000,infogain,autoref,False,timeout dopo 300.0s,43.0,,,300.031
shuttle,5,19,100000,pvalue,autoref,True,,40.0,89504.0,1.0,1.812
seismic_bumps,26,88,100000,modal_var,autoref,False,timeout dopo 304.6s,60.0,,,304.61
shuttle,5,19,100000,random_node,autoref,True,,40.0,89504.0,1.0,1.875
shuttle,8,19,10000,shapley,autoref,False,timeout dopo 300.1s,43.0,,,300.063
shuttle,5,19,100000,modal_var,autoref,True,,40.0,89504.0,1.0,1.813
shuttle,8,19,10000,pvalue,autoref,False,timeout dopo 300.1s,43.0,,,300.062
shuttle,19,19,100000,infogain,autoref,False,timeout dopo 300.5s,52.0,,,300.484
sonar,5,61,1000,infogain,autoref,True,,39.0,2988.0,4.0,0.062
shuttle,10,19,100000,shapley,autoref,True,,45.0,241881.0,73.0,130.25
shuttle,10,19,100000,pvalue,autoref,True,,45.0,241881.0,73.0,131.875
shuttle,8,19,10000,modal_var,autoref,False,timeout dopo 303.4s,43.0,,,303.421
sonar,5,61,1000,shapley,autoref,True,,39.0,2988.0,4.0,0.078
shuttle,6,19,10000,random_node,autoref,False,timeout dopo 304.7s,42.0,,,304.719
sonar,5,61,1000,pvalue,autoref,True,,39.0,2988.0,4.0,0.062
shuttle,10,19,100000,random_node,autoref,False,timeout dopo 302.3s,45.0,,,302.312
shuttle,10,19,100000,modal_var,autoref,False,timeout dopo 301.0s,45.0,,,300.985
sonar,10,61,1000,infogain,autoref,False,timeout dopo 300.0s,71.0,,,300.063
shuttle,7,19,100000,modal_var,autoref,True,,42.0,229734.0,10.0,33.141
shuttle,14,19,100000,infogain,autoref,False,timeout dopo 300.3s,49.0,,,300.281
shuttle,19,19,100000,shapley,autoref,False,timeout dopo 300.3s,52.0,,,300.359
shuttle,19,19,100000,pvalue,autoref,False,timeout dopo 300.6s,52.0,,,300.609
sonar,10,61,1000,shapley,autoref,False,timeout dopo 300.0s,71.0,,,300.016
sonar,7,61,1000,infogain,autoref,True,,54.0,2821.0,25856.0,171.406
sonar,10,61,1000,pvalue,autoref,False,timeout dopo 300.0s,71.0,,,300.031
shuttle,8,19,100000,modal_var,autoref,True,,43.0,243878.0,28.0,133.375
shuttle,7,19,100000,random_node,autoref,False,timeout dopo 321.6s,42.0,,,321.641
shuttle,6,19,100000,random_node,autoref,True,,42.0,236886.0,4.0,13.766
sonar,5,61,1000,random_node,autoref,True,,39.0,2078.0,2.0,0.062
shuttle,14,19,100000,shapley,autoref,False,timeout dopo 300.4s,49.0,,,300.39
sonar,7,61,1000,pvalue,autoref,True,,54.0,2821.0,25856.0,172.422
shuttle,12,19,100000,infogain,autoref,False,timeout dopo 300.8s,48.0,,,300.765
shuttle,14,19,100000,pvalue,autoref,False,timeout dopo 300.2s,49.0,,,300.219
sonar,7,61,1000,shapley,autoref,False,timeout dopo 300.0s,54.0,,,300.015
sonar,8,61,1000,infogain,autoref,False,timeout dopo 300.0s,58.0,,,300.047
sonar,5,61,1000,modal_var,autoref,True,,39.0,2734.0,2.0,0.047
shuttle,9,19,100000,modal_var,autoref,True,,43.0,249592.0,39.0,272.063
sonar,5,61,10000,infogain,autoref,True,,39.0,3360.0,1.0,0.046
sonar,6,61,1000,shapley,autoref,True,,48.0,2381.0,5632.0,68.688
sonar,5,61,10000,shapley,autoref,True,,39.0,3360.0,1.0,0.046
sonar,10,61,1000,modal_var,autoref,True,,71.0,3535.0,5723.0,110.672
sonar,10,61,1000,random_node,autoref,False,timeout dopo 300.0s,71.0,,,300.015
sonar,7,61,1000,random_node,autoref,True,,54.0,3491.0,329.0,6.453
sonar,8,61,1000,pvalue,autoref,False,timeout dopo 300.0s,58.0,,,300.047
sonar,5,61,10000,pvalue,autoref,True,,39.0,3360.0,1.0,0.047
shuttle,12,19,100000,shapley,autoref,False,timeout dopo 332.1s,48.0,,,332.094
shuttle,11,19,100000,infogain,autoref,True,,47.0,263316.0,143.0,273.906
sonar,5,61,10000,random_node,autoref,True,,39.0,3360.0,1.0,0.047
sonar,8,61,1000,random_node,autoref,True,,58.0,4223.0,1718.0,42.141
sonar,10,61,10000,infogain,autoref,False,timeout dopo 300.1s,71.0,,,300.063
sonar,7,61,10000,infogain,autoref,True,,54.0,16071.0,2.0,0.39
sonar,8,61,10000,infogain,autoref,True,,58.0,17765.0,44.0,2.843
shuttle,12,19,100000,pvalue,autoref,False,timeout dopo 334.3s,48.0,,,334.281
sonar,9,61,10000,infogain,autoref,True,,64.0,19921.0,653.0,41.422
sonar,5,61,10000,modal_var,autoref,True,,39.0,3360.0,1.0,0.047
sonar,9,61,1000,random_node,autoref,True,,64.0,3625.0,4652.0,124.969
sonar,10,61,10000,shapley,autoref,False,timeout dopo 300.1s,71.0,,,300.078
sonar,5,61,100000,infogain,autoref,True,,39.0,3360.0,1.0,0.047
sonar,7,61,10000,shapley,autoref,True,,54.0,16071.0,2.0,0.407
sonar,8,61,10000,shapley,autoref,True,,58.0,17765.0,44.0,3.703
sonar,10,61,100000,infogain,autoref,True,,71.0,263701.0,3.0,9.078
sonar,10,61,10000,modal_var,autoref,True,,71.0,31401.0,52.0,19.312
sonar,20,61,1000,modal_var,autoref,False,timeout dopo 300.0s,111.0,,,300.031
sonar,9,61,10000,shapley,autoref,True,,64.0,19921.0,653.0,57.032
sonar,5,61,100000,shapley,autoref,True,,39.0,3360.0,1.0,0.047
sonar,10,61,100000,shapley,autoref,True,,71.0,263701.0,3.0,8.719
sonar,10,61,10000,pvalue,autoref,False,timeout dopo 300.0s,71.0,,,300.016
sonar,7,61,10000,pvalue,autoref,True,,54.0,16071.0,2.0,0.406
shuttle,11,19,100000,shapley,autoref,True,,47.0,263316.0,143.0,291.203
sonar,5,61,100000,pvalue,autoref,True,,39.0,3360.0,1.0,0.047
sonar,8,61,10000,pvalue,autoref,True,,58.0,17765.0,44.0,3.078
sonar,10,61,100000,pvalue,autoref,True,,71.0,263701.0,3.0,9.047
sonar,10,61,10000,random_node,autoref,False,timeout dopo 301.2s,71.0,,,301.172
sonar,7,61,10000,random_node,autoref,True,,54.0,21540.0,3.0,0.64
sonar,9,61,10000,pvalue,autoref,True,,64.0,19921.0,653.0,42.344
sonar,8,61,10000,random_node,autoref,True,,58.0,21239.0,22.0,4.125
sonar,5,61,100000,random_node,autoref,True,,39.0,3360.0,1.0,0.031
sonar,9,61,10000,random_node,autoref,True,,64.0,23481.0,56.0,16.547
sonar,5,61,100000,modal_var,autoref,True,,39.0,3360.0,1.0,0.047
sonar,10,61,100000,modal_var,autoref,True,,71.0,293077.0,3.0,13.172
sonar,10,61,100000,random_node,autoref,True,,71.0,304658.0,12.0,44.781
shuttle,11,19,100000,pvalue,autoref,True,,47.0,263316.0,143.0,286.422
sonar,20,61,10000,modal_var,autoref,False,timeout dopo 300.1s,111.0,,,300.093
sonar,20,61,100000,infogain,autoref,False,timeout dopo 300.6s,111.0,,,300.594
sonar,15,61,1000,modal_var,autoref,False,timeout dopo 300.0s,89.0,,,300.015
sonar,20,61,100000,shapley,autoref,False,timeout dopo 300.1s,111.0,,,300.109
sonar,20,61,100000,pvalue,autoref,False,timeout dopo 300.0s,111.0,,,300.031
sonar,20,61,100000,modal_var,autoref,False,timeout dopo 300.6s,111.0,,,300.563
sonar,20,61,100000,random_node,autoref,False,timeout dopo 308.0s,111.0,,,308.047
spambase,5,91,1000,infogain,autoref,False,timeout dopo 300.0s,180.0,,,300.125
sonar,15,61,10000,modal_var,autoref,False,timeout dopo 300.5s,89.0,,,300.469
sonar,15,61,100000,infogain,autoref,False,timeout dopo 300.3s,89.0,,,300.344
sonar,15,61,100000,shapley,autoref,False,timeout dopo 300.3s,89.0,,,300.297
sonar,12,61,1000,modal_var,autoref,False,timeout dopo 300.0s,79.0,,,300.031
sonar,15,61,100000,pvalue,autoref,False,timeout dopo 300.2s,89.0,,,300.234
sonar,15,61,100000,random_node,autoref,False,timeout dopo 302.1s,89.0,,,302.14
sonar,15,61,100000,modal_var,autoref,False,timeout dopo 301.7s,89.0,,,301.687
spambase,2,91,1000,infogain,autoref,False,timeout dopo 300.1s,122.0,,,300.062
spambase,1,91,1000,infogain,autoref,True,,89.0,56942.0,1.0,1.375
sonar,12,61,100000,infogain,autoref,False,timeout dopo 300.2s,79.0,,,300.156
sonar,12,61,10000,modal_var,autoref,False,timeout dopo 300.0s,79.0,,,300.047
sonar,12,61,100000,shapley,autoref,False,timeout dopo 300.0s,79.0,,,300.016
sonar,11,61,1000,modal_var,autoref,False,timeout dopo 300.0s,75.0,,,300.015
sonar,12,61,100000,pvalue,autoref,False,timeout dopo 300.4s,79.0,,,300.406
sonar,12,61,100000,random_node,autoref,False,timeout dopo 308.3s,79.0,,,308.281
sonar,11,61,100000,infogain,autoref,True,,75.0,295217.0,492.0,213.875
sonar,11,61,10000,modal_var,autoref,True,,75.0,31569.0,722.0,207.469
spambase,5,91,1000,shapley,autoref,False,timeout dopo 300.0s,180.0,,,300.032
sonar,11,61,100000,shapley,autoref,True,,75.0,295217.0,492.0,227.281
sonar,12,61,100000,modal_var,autoref,False,timeout dopo 300.9s,79.0,,,300.86
spambase,5,91,1000,pvalue,autoref,False,timeout dopo 300.0s,180.0,,,300.109
sonar,11,61,100000,pvalue,autoref,True,,75.0,295217.0,492.0,209.859
sonar,11,61,100000,modal_var,autoref,True,,75.0,225205.0,35.0,92.593
sonar,11,61,100000,random_node,autoref,True,,75.0,262509.0,41.0,131.875
spambase,2,91,1000,shapley,autoref,False,timeout dopo 300.1s,122.0,,,300.14
spambase,1,91,1000,shapley,autoref,True,,89.0,56942.0,1.0,1.469
spambase,5,91,1000,random_node,autoref,False,timeout dopo 300.0s,180.0,,,300.031
spambase,5,91,1000,modal_var,autoref,False,timeout dopo 300.0s,180.0,,,300.031
spambase,5,91,10000,infogain,autoref,False,timeout dopo 300.0s,180.0,,,300.047
spambase,2,91,1000,pvalue,autoref,False,timeout dopo 300.0s,122.0,,,300.016
spambase,1,91,1000,pvalue,autoref,True,,89.0,56942.0,1.0,1.438
spambase,2,91,1000,modal_var,autoref,True,,122.0,233040.0,393.0,85.063
spambase,5,91,10000,shapley,autoref,False,timeout dopo 300.5s,180.0,,,300.485
spambase,5,91,10000,pvalue,autoref,False,timeout dopo 300.0s,180.0,,,300.032
spambase,5,91,10000,random_node,autoref,False,timeout dopo 300.0s,180.0,,,300.031
spambase,5,91,10000,modal_var,autoref,False,timeout dopo 300.4s,180.0,,,300.437
spambase,2,91,10000,infogain,autoref,False,timeout dopo 300.4s,122.0,,,300.375
spambase,1,91,10000,infogain,autoref,True,,89.0,56942.0,1.0,1.375
spambase,2,91,1000,random_node,autoref,False,timeout dopo 303.6s,122.0,,,303.594
spambase,1,91,1000,random_node,autoref,True,,89.0,56942.0,1.0,1.438
spambase,2,91,10000,modal_var,autoref,True,,122.0,1295326.0,13.0,46.016
spambase,2,91,10000,shapley,autoref,False,timeout dopo 300.2s,122.0,,,300.157
spambase,1,91,10000,shapley,autoref,True,,89.0,56942.0,1.0,1.453
spambase,5,91,100000,infogain,autoref,False,timeout dopo 300.3s,180.0,,,300.312
spambase,3,91,1000,modal_var,autoref,False,timeout dopo 300.0s,141.0,,,300.047
spambase,2,91,10000,pvalue,autoref,False,timeout dopo 300.5s,122.0,,,300.469
spambase,1,91,10000,pvalue,autoref,True,,89.0,56942.0,1.0,1.516
spect,5,53,1000,infogain,autoref,True,,21.0,96.0,1.0,0.032
spect,10,53,1000,infogain,autoref,True,,22.0,544.0,1.0,0.047
spect,20,53,1000,infogain,autoref,True,,22.0,1340.0,11.0,0.422
spect,30,53,1000,infogain,autoref,True,,22.0,1478.0,31.0,1.437
spect,50,53,1000,infogain,autoref,True,,22.0,1496.0,166.0,8.454
spect,53,53,1000,infogain,autoref,True,,22.0,1496.0,179.0,9.234
spect,5,53,1000,shapley,autoref,True,,21.0,96.0,1.0,0.016
spect,10,53,1000,shapley,autoref,True,,22.0,544.0,1.0,0.063
spect,20,53,1000,shapley,autoref,True,,22.0,1340.0,11.0,0.422
spect,30,53,1000,shapley,autoref,True,,22.0,1478.0,31.0,1.36
spambase,2,91,10000,random_node,autoref,False,timeout dopo 300.9s,122.0,,,300.891
spambase,1,91,10000,random_node,autoref,True,,89.0,56942.0,1.0,1.453
spect,5,53,1000,pvalue,autoref,True,,21.0,96.0,1.0,0.015
spect,50,53,1000,shapley,autoref,True,,22.0,1496.0,166.0,8.75
spect,10,53,1000,pvalue,autoref,True,,22.0,544.0,1.0,0.062
spect,20,53,1000,pvalue,autoref,True,,22.0,1340.0,11.0,0.407
spect,30,53,1000,pvalue,autoref,True,,22.0,1478.0,31.0,1.297
spect,53,53,1000,shapley,autoref,True,,22.0,1496.0,179.0,9.563
spect,5,53,1000,random_node,autoref,True,,21.0,96.0,1.0,0.016
spect,10,53,1000,random_node,autoref,True,,22.0,544.0,1.0,0.062
spect,20,53,1000,random_node,autoref,True,,22.0,1185.0,6.0,0.359
spect,30,53,1000,random_node,autoref,True,,22.0,1362.0,20.0,0.984
spect,50,53,1000,pvalue,autoref,True,,22.0,1496.0,166.0,8.531
spect,50,53,1000,random_node,autoref,True,,22.0,1459.0,101.0,6.75
spect,53,53,1000,pvalue,autoref,True,,22.0,1496.0,179.0,9.453
spect,5,53,1000,modal_var,autoref,True,,21.0,96.0,1.0,0.016
spect,10,53,1000,modal_var,autoref,True,,22.0,544.0,1.0,0.063
spect,20,53,1000,modal_var,autoref,True,,22.0,1293.0,6.0,0.313
spect,30,53,1000,modal_var,autoref,True,,22.0,1444.0,15.0,0.921
spect,53,53,1000,random_node,autoref,True,,22.0,1462.0,101.0,6.875
spect,5,53,10000,infogain,autoref,True,,21.0,96.0,1.0,0.015
spect,10,53,10000,infogain,autoref,True,,22.0,544.0,1.0,0.063
spect,20,53,10000,infogain,autoref,True,,22.0,3372.0,1.0,0.313
spect,30,53,10000,infogain,autoref,True,,22.0,8630.0,1.0,0.891
spect,50,53,1000,modal_var,autoref,True,,22.0,1658.0,73.0,4.719
spambase,2,91,100000,infogain,autoref,True,,122.0,7860789.0,1.0,91.515
spect,50,53,10000,infogain,autoref,True,,22.0,12040.0,5.0,4.375
spect,53,53,1000,modal_var,autoref,True,,22.0,1658.0,76.0,5.406
spect,5,53,10000,shapley,autoref,True,,21.0,96.0,1.0,0.031
spect,10,53,10000,shapley,autoref,True,,22.0,544.0,1.0,0.062
spect,20,53,10000,shapley,autoref,True,,22.0,3372.0,1.0,0.297
spect,30,53,10000,shapley,autoref,True,,22.0,8630.0,1.0,0.844
spect,53,53,10000,infogain,autoref,True,,22.0,12040.0,6.0,4.781
spect,5,53,10000,pvalue,autoref,True,,21.0,96.0,1.0,0.015
spect,10,53,10000,pvalue,autoref,True,,22.0,544.0,1.0,0.063
spect,20,53,10000,pvalue,autoref,True,,22.0,3372.0,1.0,0.329
spect,50,53,10000,shapley,autoref,True,,22.0,12040.0,5.0,4.531
spect,30,53,10000,pvalue,autoref,True,,22.0,8630.0,1.0,0.891
spect,53,53,10000,shapley,autoref,True,,22.0,12040.0,6.0,4.719
spect,50,53,10000,pvalue,autoref,True,,22.0,12040.0,5.0,4.203
spect,5,53,10000,random_node,autoref,True,,21.0,96.0,1.0,0.031
spect,10,53,10000,random_node,autoref,True,,22.0,544.0,1.0,0.062
spect,20,53,10000,random_node,autoref,True,,22.0,3372.0,1.0,0.297
spect,30,53,10000,random_node,autoref,True,,22.0,8630.0,1.0,0.843
spect,53,53,10000,pvalue,autoref,True,,22.0,12040.0,6.0,4.782
spect,5,53,10000,modal_var,autoref,True,,21.0,96.0,1.0,0.016
spect,10,53,10000,modal_var,autoref,True,,22.0,544.0,1.0,0.063
spect,20,53,10000,modal_var,autoref,True,,22.0,3372.0,1.0,0.312
spect,50,53,10000,random_node,autoref,True,,22.0,13454.0,7.0,4.875
spect,30,53,10000,modal_var,autoref,True,,22.0,8630.0,1.0,0.922
spect,50,53,10000,modal_var,autoref,True,,22.0,10971.0,4.0,3.172
spect,53,53,10000,random_node,autoref,True,,22.0,13454.0,9.0,5.094
spect,5,53,100000,infogain,autoref,True,,21.0,96.0,1.0,0.016
spect,10,53,100000,infogain,autoref,True,,22.0,544.0,1.0,0.063
spect,20,53,100000,infogain,autoref,True,,22.0,3372.0,1.0,0.313
spect,53,53,10000,modal_var,autoref,True,,22.0,10971.0,4.0,3.562
spect,30,53,100000,infogain,autoref,True,,22.0,8630.0,1.0,0.891
spect,5,53,100000,shapley,autoref,True,,21.0,96.0,1.0,0.016
spect,10,53,100000,shapley,autoref,True,,22.0,544.0,1.0,0.062
spect,20,53,100000,shapley,autoref,True,,22.0,3372.0,1.0,0.313
spect,30,53,100000,shapley,autoref,True,,22.0,8630.0,1.0,0.875
spect,50,53,100000,infogain,autoref,True,,22.0,30285.0,1.0,4.078
spect,50,53,100000,shapley,autoref,True,,22.0,30285.0,1.0,4.031
spect,53,53,100000,infogain,autoref,True,,22.0,33197.0,1.0,4.484
spect,5,53,100000,pvalue,autoref,True,,21.0,96.0,1.0,0.031
spect,10,53,100000,pvalue,autoref,True,,22.0,544.0,1.0,0.046
spect,20,53,100000,pvalue,autoref,True,,22.0,3372.0,1.0,0.313
spect,53,53,100000,shapley,autoref,True,,22.0,33197.0,1.0,4.375
spect,5,53,100000,random_node,autoref,True,,21.0,96.0,1.0,0.016
spect,30,53,100000,pvalue,autoref,True,,22.0,8630.0,1.0,0.859
spect,10,53,100000,random_node,autoref,True,,22.0,544.0,1.0,0.062
spect,20,53,100000,random_node,autoref,True,,22.0,3372.0,1.0,0.281
spect,30,53,100000,random_node,autoref,True,,22.0,8630.0,1.0,0.875
spect,50,53,100000,pvalue,autoref,True,,22.0,30285.0,1.0,3.985
spect,50,53,100000,random_node,autoref,True,,22.0,30285.0,1.0,3.906
spect,53,53,100000,pvalue,autoref,True,,22.0,33197.0,1.0,4.281
spect,5,53,100000,modal_var,autoref,True,,21.0,96.0,1.0,0.015
spect,10,53,100000,modal_var,autoref,True,,22.0,544.0,1.0,0.062
spect,20,53,100000,modal_var,autoref,True,,22.0,3372.0,1.0,0.297
spect,53,53,100000,random_node,autoref,True,,22.0,33197.0,1.0,4.234
spectf,5,10,1000,infogain,autoref,True,,41.0,1287.0,1.0,0.016
spect,30,53,100000,modal_var,autoref,True,,22.0,8630.0,1.0,0.875
spect,50,53,100000,modal_var,autoref,True,,22.0,30285.0,1.0,3.859
spect,53,53,100000,modal_var,autoref,True,,22.0,33197.0,1.0,4.25
spectf,5,10,1000,shapley,autoref,True,,41.0,1287.0,1.0,0.031
spambase,5,91,100000,shapley,autoref,False,timeout dopo 305.4s,180.0,,,305.407
spambase,5,91,100000,pvalue,autoref,False,timeout dopo 300.2s,180.0,,,300.219
spambase,3,91,10000,modal_var,autoref,False,timeout dopo 300.0s,141.0,,,300.047
spectf,5,10,1000,pvalue,autoref,True,,41.0,1287.0,1.0,0.031
spambase,2,91,100000,shapley,autoref,True,,122.0,7860789.0,1.0,89.937
spambase,2,91,100000,pvalue,autoref,True,,122.0,7860789.0,1.0,90.016
spambase,5,91,100000,random_node,autoref,False,hard kill dopo 360s (formula fuori dai check cooperativi),,,,360.016
spambase,5,91,100000,modal_var,autoref,False,hard kill dopo 360s (formula fuori dai check cooperativi),,,,360.031
spambase,3,91,100000,infogain,autoref,False,timeout dopo 308.0s,141.0,,,308.016
spectf,5,10,1000,random_node,autoref,True,,41.0,1287.0,1.0,0.015
spambase,2,91,100000,random_node,autoref,True,,122.0,7860789.0,1.0,88.485
spambase,2,91,100000,modal_var,autoref,True,,122.0,7860789.0,1.0,87.235
spectf,10,10,1000,infogain,autoref,False,timeout dopo 300.0s,66.0,,,300.063
spectf,7,10,1000,infogain,autoref,True,,49.0,3143.0,376.0,1.813
spectf,10,10,1000,shapley,autoref,False,timeout dopo 300.0s,66.0,,,300.031
spectf,7,10,1000,shapley,autoref,True,,49.0,3143.0,376.0,4.813
spectf,10,10,1000,pvalue,autoref,False,timeout dopo 300.0s,66.0,,,300.063
spectf,7,10,1000,pvalue,autoref,True,,49.0,3143.0,376.0,1.735
spambase,3,91,100000,shapley,autoref,False,timeout dopo 314.0s,141.0,,,313.984
spectf,5,10,1000,modal_var,autoref,True,,41.0,1287.0,1.0,0.031
spambase,3,91,100000,pvalue,autoref,False,timeout dopo 304.1s,141.0,,,304.141
spectf,5,10,10000,infogain,autoref,True,,41.0,1287.0,1.0,0.015
spectf,8,10,1000,infogain,autoref,True,,55.0,3707.0,71837.0,245.734
spectf,10,10,1000,random_node,autoref,False,timeout dopo 303.0s,66.0,,,303.016
spectf,7,10,1000,random_node,autoref,True,,49.0,4576.0,220.0,3.547
spambase,3,91,100000,random_node,autoref,False,hard kill dopo 360s (formula fuori dai check cooperativi),,,,360.015
spectf,5,10,10000,shapley,autoref,True,,41.0,1287.0,1.0,0.016
spectf,8,10,1000,shapley,autoref,False,timeout dopo 300.0s,55.0,,,300.047
spectf,5,10,10000,pvalue,autoref,True,,41.0,1287.0,1.0,0.031
spambase,3,91,100000,modal_var,autoref,False,hard kill dopo 360s (formula fuori dai check cooperativi),,,,360.0
spectf,5,10,10000,random_node,autoref,True,,41.0,1287.0,1.0,0.031
spectf,8,10,1000,pvalue,autoref,True,,55.0,3707.0,71837.0,253.985
spectf,10,10,10000,infogain,autoref,False,timeout dopo 300.0s,66.0,,,300.047
spectf,10,10,1000,modal_var,autoref,False,timeout dopo 300.0s,66.0,,,300.016
spectf,7,10,10000,infogain,autoref,True,,49.0,16566.0,1.0,0.187
spectf,7,10,1000,modal_var,autoref,True,,49.0,3577.0,42.0,0.641
spectf,8,10,10000,infogain,autoref,True,,55.0,21177.0,5.0,0.703
spectf,8,10,1000,random_node,autoref,True,,55.0,4926.0,6746.0,210.25
spectf,9,10,10000,infogain,autoref,True,,61.0,28601.0,50.0,4.078
spectf,5,10,10000,modal_var,autoref,True,,41.0,1287.0,1.0,0.031
spectf,8,10,1000,modal_var,autoref,True,,55.0,4613.0,502.0,7.781
spectf,10,10,10000,modal_var,autoref,True,,66.0,32970.0,139.0,32.266
spectf,5,10,100000,infogain,autoref,True,,41.0,1287.0,1.0,0.031
spectf,9,10,1000,modal_var,autoref,True,,61.0,4618.0,2758.0,37.015
spectf,5,10,100000,shapley,autoref,True,,41.0,1287.0,1.0,0.032
spectf,10,10,100000,infogain,autoref,True,,66.0,320382.0,3.0,5.578
spectf,5,10,100000,pvalue,autoref,True,,41.0,1287.0,1.0,0.031
spectf,10,10,100000,shapley,autoref,True,,66.0,320382.0,3.0,5.75
spectf,5,10,100000,random_node,autoref,True,,41.0,1287.0,1.0,0.031
spectf,10,10,100000,pvalue,autoref,True,,66.0,320382.0,3.0,5.625
spectf,5,10,100000,modal_var,autoref,True,,41.0,1287.0,1.0,0.031
spectf,10,10,100000,random_node,autoref,True,,66.0,257750.0,2.0,6.0
spectf,9,10,1000,infogain,autoref,False,timeout dopo 300.0s,61.0,,,300.031
spectf,10,10,100000,modal_var,autoref,True,,66.0,231337.0,3.0,7.438
spectf,10,10,10000,shapley,autoref,False,timeout dopo 300.1s,66.0,,,300.109
spectf,7,10,10000,shapley,autoref,True,,49.0,16566.0,1.0,0.172
spectf,8,10,10000,shapley,autoref,True,,55.0,21177.0,5.0,0.781
spectf,10,10,10000,pvalue,autoref,False,timeout dopo 300.0s,66.0,,,300.047
spectf,7,10,10000,pvalue,autoref,True,,49.0,16566.0,1.0,0.172
spectf,8,10,10000,pvalue,autoref,True,,55.0,21177.0,5.0,0.672
spectf,9,10,10000,shapley,autoref,True,,61.0,28601.0,50.0,5.031
spectf,9,10,10000,pvalue,autoref,True,,61.0,28601.0,50.0,4.125
spectf,9,10,1000,pvalue,autoref,False,timeout dopo 300.0s,61.0,,,300.047
spectf,10,10,10000,random_node,autoref,False,timeout dopo 301.7s,66.0,,,301.657
spectf,7,10,10000,random_node,autoref,True,,49.0,16566.0,1.0,0.171
spectf,8,10,10000,random_node,autoref,True,,55.0,25511.0,31.0,7.25
spectf,9,10,10000,random_node,autoref,True,,61.0,27485.0,164.0,37.093
spectf,9,10,1000,random_node,autoref,False,timeout dopo 300.0s,61.0,,,300.188
texture,5,89,1000,infogain,autoref,False,hard kill dopo 360s (formula fuori dai check cooperativi),,,,360.016
texture,5,89,1000,shapley,autoref,False,hard kill dopo 360s (formula fuori dai check cooperativi),,,,360.016
texture,5,89,1000,pvalue,autoref,False,hard kill dopo 360s (formula fuori dai check cooperativi),,,,360.016
texture,5,89,1000,random_node,autoref,False,hard kill dopo 360s (formula fuori dai check cooperativi),,,,360.031
texture,5,89,1000,modal_var,autoref,False,hard kill dopo 360s (formula fuori dai check cooperativi),,,,360.016
texture,5,89,10000,infogain,autoref,False,hard kill dopo 360s (formula fuori dai check cooperativi),,,,360.016
texture,5,89,10000,shapley,autoref,False,hard kill dopo 360s (formula fuori dai check cooperativi),,,,360.063
texture,2,89,10000,shapley,autoref,False,MemoryError,129.0,,,55.234
texture,5,89,10000,pvalue,autoref,False,hard kill dopo 360s (formula fuori dai check cooperativi),,,,360.047
texture,2,89,10000,infogain,autoref,False,MemoryError,129.0,,,136.969
texture,2,89,1000,modal_var,autoref,False,MemoryError,129.0,,,150.703
texture,2,89,1000,infogain,autoref,False,hard kill dopo 360s (formula fuori dai check cooperativi),,,,360.125
texture,2,89,1000,shapley,autoref,False,hard kill dopo 360s (formula fuori dai check cooperativi),,,,360.078
texture,2,89,1000,random_node,autoref,False,MemoryError,129.0,,,154.766
texture,2,89,1000,pvalue,autoref,False,hard kill dopo 360s (formula fuori dai check cooperativi),,,,360.015
texture,1,89,10000,shapley,autoref,False,hard kill dopo 360s (formula fuori dai check cooperativi),,,,360.188
texture,2,89,10000,pvalue,autoref,False,hard kill dopo 360s (formula fuori dai check cooperativi),,,,360.015
texture,1,89,10000,infogain,autoref,False,hard kill dopo 360s (formula fuori dai check cooperativi),,,,360.047
texture,1,89,1000,modal_var,autoref,False,hard kill dopo 360s (formula fuori dai check cooperativi),,,,360.015
texture,1,89,1000,infogain,autoref,False,hard kill dopo 360s (formula fuori dai check cooperativi),,,,360.031
texture,1,89,1000,shapley,autoref,False,hard kill dopo 360s (formula fuori dai check cooperativi),,,,360.016
texture,1,89,1000,random_node,autoref,False,hard kill dopo 360s (formula fuori dai check cooperativi),,,,360.015
texture,1,89,1000,pvalue,autoref,False,hard kill dopo 360s (formula fuori dai check cooperativi),,,,360.032
texture,5,89,10000,random_node,autoref,False,hard kill dopo 360s (formula fuori dai check cooperativi),,,,360.078
texture,1,89,10000,pvalue,autoref,False,hard kill dopo 360s (formula fuori dai check cooperativi),,,,360.016
threeOf9,5,44,1000,infogain,autoref,True,,9.0,104.0,1.0,0.031
threeOf9,10,44,1000,infogain,autoref,True,,9.0,172.0,1.0,0.047
threeOf9,20,44,1000,infogain,autoref,True,,9.0,201.0,1.0,0.141
threeOf9,30,44,1000,infogain,autoref,True,,9.0,254.0,1.0,0.235
threeOf9,44,44,1000,infogain,autoref,True,,9.0,297.0,1.0,0.484
threeOf9,5,44,1000,shapley,autoref,True,,9.0,104.0,1.0,0.016
threeOf9,10,44,1000,shapley,autoref,True,,9.0,172.0,1.0,0.063
threeOf9,20,44,1000,shapley,autoref,True,,9.0,201.0,1.0,0.218
threeOf9,30,44,1000,shapley,autoref,True,,9.0,254.0,1.0,0.281
threeOf9,44,44,1000,shapley,autoref,True,,9.0,297.0,1.0,0.578
threeOf9,5,44,1000,pvalue,autoref,True,,9.0,104.0,1.0,0.031
threeOf9,10,44,1000,pvalue,autoref,True,,9.0,172.0,1.0,0.047
threeOf9,20,44,1000,pvalue,autoref,True,,9.0,201.0,1.0,0.156
threeOf9,30,44,1000,pvalue,autoref,True,,9.0,254.0,1.0,0.234
threeOf9,44,44,1000,pvalue,autoref,True,,9.0,297.0,1.0,0.953
threeOf9,5,44,1000,random_node,autoref,True,,9.0,104.0,1.0,0.016
threeOf9,10,44,1000,random_node,autoref,True,,9.0,172.0,1.0,0.047
threeOf9,20,44,1000,random_node,autoref,True,,9.0,201.0,1.0,0.156
threeOf9,30,44,1000,random_node,autoref,True,,9.0,254.0,1.0,0.25
threeOf9,44,44,1000,random_node,autoref,True,,9.0,297.0,1.0,0.5
threeOf9,5,44,1000,modal_var,autoref,True,,9.0,104.0,1.0,0.015
threeOf9,10,44,1000,modal_var,autoref,True,,9.0,172.0,1.0,0.062
threeOf9,20,44,1000,modal_var,autoref,True,,9.0,201.0,1.0,0.172
threeOf9,30,44,1000,modal_var,autoref,True,,9.0,254.0,1.0,0.312
threeOf9,44,44,1000,modal_var,autoref,True,,9.0,297.0,1.0,0.515
threeOf9,5,44,10000,infogain,autoref,True,,9.0,104.0,1.0,0.016
threeOf9,10,44,10000,infogain,autoref,True,,9.0,172.0,1.0,0.047
threeOf9,20,44,10000,infogain,autoref,True,,9.0,201.0,1.0,0.141
threeOf9,30,44,10000,infogain,autoref,True,,9.0,254.0,1.0,0.234
threeOf9,44,44,10000,infogain,autoref,True,,9.0,297.0,1.0,0.531
threeOf9,5,44,10000,shapley,autoref,True,,9.0,104.0,1.0,0.031
threeOf9,10,44,10000,shapley,autoref,True,,9.0,172.0,1.0,0.062
threeOf9,20,44,10000,shapley,autoref,True,,9.0,201.0,1.0,0.172
threeOf9,30,44,10000,shapley,autoref,True,,9.0,254.0,1.0,0.234
threeOf9,44,44,10000,shapley,autoref,True,,9.0,297.0,1.0,0.5
threeOf9,5,44,10000,pvalue,autoref,True,,9.0,104.0,1.0,0.016
threeOf9,10,44,10000,pvalue,autoref,True,,9.0,172.0,1.0,0.063
threeOf9,20,44,10000,pvalue,autoref,True,,9.0,201.0,1.0,0.156
threeOf9,30,44,10000,pvalue,autoref,True,,9.0,254.0,1.0,0.219
threeOf9,44,44,10000,pvalue,autoref,True,,9.0,297.0,1.0,0.469
threeOf9,5,44,10000,random_node,autoref,True,,9.0,104.0,1.0,0.015
threeOf9,10,44,10000,random_node,autoref,True,,9.0,172.0,1.0,0.047
threeOf9,20,44,10000,random_node,autoref,True,,9.0,201.0,1.0,0.141
threeOf9,30,44,10000,random_node,autoref,True,,9.0,254.0,1.0,0.219
threeOf9,44,44,10000,random_node,autoref,True,,9.0,297.0,1.0,0.484
threeOf9,5,44,10000,modal_var,autoref,True,,9.0,104.0,1.0,0.015
threeOf9,10,44,10000,modal_var,autoref,True,,9.0,172.0,1.0,0.047
threeOf9,20,44,10000,modal_var,autoref,True,,9.0,201.0,1.0,0.141
threeOf9,30,44,10000,modal_var,autoref,True,,9.0,254.0,1.0,0.218
threeOf9,44,44,10000,modal_var,autoref,True,,9.0,297.0,1.0,0.484
threeOf9,5,44,100000,infogain,autoref,True,,9.0,104.0,1.0,0.015
threeOf9,10,44,100000,infogain,autoref,True,,9.0,172.0,1.0,0.047
threeOf9,20,44,100000,infogain,autoref,True,,9.0,201.0,1.0,0.14
threeOf9,30,44,100000,infogain,autoref,True,,9.0,254.0,1.0,0.219
texture,5,89,10000,modal_var,autoref,False,hard kill dopo 360s (formula fuori dai check cooperativi),,,,360.172
threeOf9,44,44,100000,infogain,autoref,True,,9.0,297.0,1.0,0.453
threeOf9,5,44,100000,shapley,autoref,True,,9.0,104.0,1.0,0.031
threeOf9,10,44,100000,shapley,autoref,True,,9.0,172.0,1.0,0.047
threeOf9,20,44,100000,shapley,autoref,True,,9.0,201.0,1.0,0.14
threeOf9,30,44,100000,shapley,autoref,True,,9.0,254.0,1.0,0.219
threeOf9,44,44,100000,shapley,autoref,True,,9.0,297.0,1.0,0.469
threeOf9,5,44,100000,pvalue,autoref,True,,9.0,104.0,1.0,0.016
threeOf9,10,44,100000,pvalue,autoref,True,,9.0,172.0,1.0,0.063
threeOf9,20,44,100000,pvalue,autoref,True,,9.0,201.0,1.0,0.156
threeOf9,30,44,100000,pvalue,autoref,True,,9.0,254.0,1.0,0.218
threeOf9,44,44,100000,pvalue,autoref,True,,9.0,297.0,1.0,0.5
threeOf9,5,44,100000,random_node,autoref,True,,9.0,104.0,1.0,0.032
threeOf9,10,44,100000,random_node,autoref,True,,9.0,172.0,1.0,0.047
threeOf9,20,44,100000,random_node,autoref,True,,9.0,201.0,1.0,0.157
threeOf9,30,44,100000,random_node,autoref,True,,9.0,254.0,1.0,0.234
threeOf9,44,44,100000,random_node,autoref,True,,9.0,297.0,1.0,0.5
threeOf9,5,44,100000,modal_var,autoref,True,,9.0,104.0,1.0,0.016
threeOf9,10,44,100000,modal_var,autoref,True,,9.0,172.0,1.0,0.047
threeOf9,20,44,100000,modal_var,autoref,True,,9.0,201.0,1.0,0.141
threeOf9,30,44,100000,modal_var,autoref,True,,9.0,254.0,1.0,0.235
texture,5,89,100000,infogain,autoref,False,hard kill dopo 360s (formula fuori dai check cooperativi),,,,360.031
threeOf9,44,44,100000,modal_var,autoref,True,,9.0,297.0,1.0,0.484
texture,5,89,100000,shapley,autoref,False,hard kill dopo 360s (formula fuori dai check cooperativi),,,,360.016
texture,5,89,100000,pvalue,autoref,False,hard kill dopo 360s (formula fuori dai check cooperativi),,,,360.031
texture,5,89,100000,random_node,autoref,False,hard kill dopo 360s (formula fuori dai check cooperativi),,,,360.0
texture,5,89,100000,modal_var,autoref,False,hard kill dopo 360s (formula fuori dai check cooperativi),,,,360.016
texture,2,89,10000,random_node,autoref,False,hard kill dopo 360s (formula fuori dai check cooperativi),,,,360.297
texture,2,89,10000,modal_var,autoref,False,hard kill dopo 360s (formula fuori dai check cooperativi),,,,360.047
texture,2,89,100000,infogain,autoref,False,hard kill dopo 360s (formula fuori dai check cooperativi),,,,360.063
twonorm,5,80,1000,infogain,autoref,False,hard kill dopo 360s (formula fuori dai check cooperativi),,,,360.015
texture,2,89,100000,shapley,autoref,False,hard kill dopo 360s (formula fuori dai check cooperativi),,,,360.016
texture,2,89,100000,pvalue,autoref,False,hard kill dopo 360s (formula fuori dai check cooperativi),,,,360.015
texture,2,89,100000,random_node,autoref,False,hard kill dopo 360s (formula fuori dai check cooperativi),,,,360.0
texture,2,89,100000,modal_var,autoref,False,hard kill dopo 360s (formula fuori dai check cooperativi),,,,360.016
texture,1,89,10000,random_node,autoref,False,hard kill dopo 360s (formula fuori dai check cooperativi),,,,360.157
twonorm,2,80,1000,infogain,autoref,False,timeout dopo 305.6s,100.0,,,305.781
texture,1,89,10000,modal_var,autoref,False,hard kill dopo 360s (formula fuori dai check cooperativi),,,,360.047
twonorm,1,80,1000,infogain,autoref,True,,80.0,288313.0,1.0,13.953
texture,1,89,100000,infogain,autoref,False,hard kill dopo 360s (formula fuori dai check cooperativi),,,,360.062
texture,1,89,100000,shapley,autoref,False,hard kill dopo 360s (formula fuori dai check cooperativi),,,,360.016
texture,1,89,100000,pvalue,autoref,False,hard kill dopo 360s (formula fuori dai check cooperativi),,,,360.0
texture,1,89,100000,random_node,autoref,False,hard kill dopo 360s (formula fuori dai check cooperativi),,,,360.016
texture,1,89,100000,modal_var,autoref,False,hard kill dopo 360s (formula fuori dai check cooperativi),,,,360.016
twonorm,5,80,1000,shapley,autoref,False,hard kill dopo 360s (formula fuori dai check cooperativi),,,,360.125
twonorm,5,80,1000,pvalue,autoref,False,hard kill dopo 360s (formula fuori dai check cooperativi),,,,360.031
twonorm,5,80,1000,random_node,autoref,False,hard kill dopo 360s (formula fuori dai check cooperativi),,,,360.031
twonorm,5,80,1000,modal_var,autoref,False,hard kill dopo 360s (formula fuori dai check cooperativi),,,,360.031
twonorm,5,80,10000,infogain,autoref,False,hard kill dopo 360s (formula fuori dai check cooperativi),,,,360.015
twonorm,5,80,10000,shapley,autoref,False,hard kill dopo 360s (formula fuori dai check cooperativi),,,,360.016
twonorm,5,80,10000,pvalue,autoref,False,hard kill dopo 360s (formula fuori dai check cooperativi),,,,360.032
twonorm,5,80,10000,random_node,autoref,False,hard kill dopo 360s (formula fuori dai check cooperativi),,,,360.0
twonorm,2,80,1000,shapley,autoref,False,timeout dopo 300.0s,100.0,,,300.015
twonorm,1,80,1000,shapley,autoref,True,,80.0,288313.0,1.0,8.0
twonorm,2,80,1000,pvalue,autoref,False,timeout dopo 300.0s,100.0,,,300.031
twonorm,1,80,1000,pvalue,autoref,True,,80.0,288313.0,1.0,8.047
twonorm,2,80,10000,shapley,autoref,False,timeout dopo 300.5s,100.0,,,300.5
twonorm,2,80,1000,random_node,autoref,False,timeout dopo 300.5s,100.0,,,300.453
twonorm,1,80,10000,shapley,autoref,True,,80.0,288313.0,1.0,7.938
twonorm,2,80,10000,infogain,autoref,False,timeout dopo 300.5s,100.0,,,300.469
twonorm,1,80,1000,random_node,autoref,True,,80.0,288313.0,1.0,8.063
twonorm,2,80,10000,pvalue,autoref,False,timeout dopo 300.2s,100.0,,,300.219
twonorm,2,80,1000,modal_var,autoref,False,timeout dopo 300.2s,100.0,,,300.265
twonorm,1,80,10000,infogain,autoref,True,,80.0,288313.0,1.0,7.969
twonorm,1,80,10000,pvalue,autoref,True,,80.0,288313.0,1.0,8.016
twonorm,1,80,1000,modal_var,autoref,True,,80.0,288313.0,1.0,7.938
twonorm,2,80,10000,random_node,autoref,False,timeout dopo 309.0s,100.0,,,309.016
twonorm,1,80,10000,random_node,autoref,True,,80.0,288313.0,1.0,7.828
twonorm,5,80,10000,modal_var,autoref,False,hard kill dopo 360s (formula fuori dai check cooperativi),,,,360.016
vehicle,5,59,1000,infogain,autoref,False,timeout dopo 300.0s,70.0,,,300.5
vehicle,2,59,1000,infogain,autoref,True,,52.0,50413.0,1.0,0.469
twonorm,5,80,100000,shapley,autoref,False,timeout dopo 332.7s,121.0,,,332.687
twonorm,5,80,100000,infogain,autoref,False,hard kill dopo 360s (formula fuori dai check cooperativi),,,,360.0
vehicle,5,59,1000,shapley,autoref,False,timeout dopo 300.0s,70.0,,,300.047
vehicle,2,59,1000,shapley,autoref,True,,52.0,50413.0,1.0,0.407
twonorm,5,80,100000,pvalue,autoref,False,hard kill dopo 360s (formula fuori dai check cooperativi),,,,360.015
twonorm,5,80,100000,random_node,autoref,False,hard kill dopo 360s (formula fuori dai check cooperativi),,,,360.016
twonorm,5,80,100000,modal_var,autoref,False,hard kill dopo 360s (formula fuori dai check cooperativi),,,,360.016
twonorm,2,80,10000,modal_var,autoref,False,timeout dopo 307.2s,100.0,,,307.203
twonorm,1,80,10000,modal_var,autoref,True,,80.0,288313.0,1.0,7.984
vehicle,3,59,1000,infogain,autoref,False,timeout dopo 300.0s,62.0,,,300.047
vehicle,3,59,1000,shapley,autoref,False,timeout dopo 300.0s,62.0,,,300.031
twonorm,2,80,100000,shapley,autoref,False,timeout dopo 317.5s,100.0,,,317.531
twonorm,1,80,100000,shapley,autoref,True,,80.0,288313.0,1.0,7.813
twonorm,2,80,100000,infogain,autoref,False,timeout dopo 319.7s,100.0,,,319.656
twonorm,1,80,100000,infogain,autoref,True,,80.0,288313.0,1.0,7.844
twonorm,2,80,100000,pvalue,autoref,False,timeout dopo 315.1s,100.0,,,315.094
twonorm,1,80,100000,pvalue,autoref,True,,80.0,288313.0,1.0,8.047
twonorm,2,80,100000,random_node,autoref,False,hard kill dopo 360s (formula fuori dai check cooperativi),,,,360.016
twonorm,2,80,100000,modal_var,autoref,False,hard kill dopo 360s (formula fuori dai check cooperativi),,,,360.015
twonorm,1,80,100000,random_node,autoref,True,,80.0,288313.0,1.0,7.859
twonorm,1,80,100000,modal_var,autoref,True,,80.0,288313.0,1.0,7.828
vehicle,5,59,1000,pvalue,autoref,False,timeout dopo 300.0s,70.0,,,300.047
vehicle,2,59,1000,pvalue,autoref,True,,52.0,50413.0,1.0,0.407
vehicle,5,59,1000,random_node,autoref,False,timeout dopo 300.7s,70.0,,,300.704
vehicle,2,59,1000,random_node,autoref,True,,52.0,50413.0,1.0,0.406
vehicle,5,59,1000,modal_var,autoref,False,timeout dopo 300.9s,70.0,,,300.875
vehicle,5,59,10000,infogain,autoref,False,timeout dopo 300.0s,70.0,,,300.016
vehicle,2,59,1000,modal_var,autoref,True,,52.0,50413.0,1.0,0.407
vehicle,2,59,10000,infogain,autoref,True,,52.0,50413.0,1.0,0.406
vehicle,3,59,1000,modal_var,autoref,True,,62.0,91630.0,33.0,5.219
vehicle,5,59,10000,shapley,autoref,False,timeout dopo 300.0s,70.0,,,300.047
vehicle,2,59,10000,shapley,autoref,True,,52.0,50413.0,1.0,0.391
vehicle,5,59,10000,pvalue,autoref,False,timeout dopo 300.0s,70.0,,,300.031
vehicle,2,59,10000,pvalue,autoref,True,,52.0,50413.0,1.0,0.391
vehicle,3,59,10000,infogain,autoref,True,,62.0,288930.0,124.0,54.187
vehicle,5,59,10000,random_node,autoref,False,timeout dopo 300.2s,70.0,,,300.25
vehicle,3,59,10000,shapley,autoref,True,,62.0,288930.0,124.0,56.36
vehicle,2,59,10000,random_node,autoref,True,,52.0,50413.0,1.0,0.391
vehicle,5,59,10000,modal_var,autoref,False,timeout dopo 300.3s,70.0,,,300.343
vehicle,2,59,10000,modal_var,autoref,True,,52.0,50413.0,1.0,0.406
vehicle,3,59,10000,modal_var,autoref,True,,62.0,161981.0,6.0,5.453
vehicle,3,59,10000,pvalue,autoref,True,,62.0,288930.0,124.0,52.875
vehicle,3,59,1000,pvalue,autoref,False,timeout dopo 300.0s,62.0,,,300.032
vehicle,3,59,1000,random_node,autoref,False,timeout dopo 303.0s,62.0,,,303.046
vehicle,4,59,1000,modal_var,autoref,False,timeout dopo 300.4s,66.0,,,300.421
vehicle,3,59,10000,random_node,autoref,True,,62.0,320455.0,209.0,230.468
vehicle,4,59,10000,infogain,autoref,False,timeout dopo 300.0s,66.0,,,300.062
vehicle,4,59,10000,modal_var,autoref,True,,66.0,181605.0,354.0,240.5
vehicle,4,59,10000,shapley,autoref,False,timeout dopo 300.0s,66.0,,,300.032
vehicle,4,59,10000,pvalue,autoref,False,timeout dopo 300.0s,66.0,,,300.047
vehicle,5,59,100000,infogain,autoref,False,timeout dopo 300.6s,70.0,,,300.563
vehicle,2,59,100000,infogain,autoref,True,,52.0,50413.0,1.0,0.422
vehicle,3,59,100000,infogain,autoref,True,,62.0,2120176.0,1.0,15.86
vehicle,5,59,100000,shapley,autoref,False,timeout dopo 300.0s,70.0,,,300.016
vehicle,2,59,100000,shapley,autoref,True,,52.0,50413.0,1.0,0.422
vehicle,5,59,100000,modal_var,autoref,True,,70.0,1530299.0,30.0,223.813
vehicle,3,59,100000,shapley,autoref,True,,62.0,2120176.0,1.0,16.156
vehicle,5,59,100000,pvalue,autoref,False,timeout dopo 300.8s,70.0,,,300.765
vehicle,2,59,100000,pvalue,autoref,True,,52.0,50413.0,1.0,0.391
vehicle,4,59,10000,random_node,autoref,False,timeout dopo 301.1s,66.0,,,301.125
vehicle,3,59,100000,pvalue,autoref,True,,62.0,2120176.0,1.0,15.531
vehicle,5,59,100000,random_node,autoref,False,timeout dopo 308.0s,70.0,,,308.031
vehicle,2,59,100000,random_node,autoref,True,,52.0,50413.0,1.0,0.407
vowel,5,95,1000,infogain,autoref,False,timeout dopo 300.0s,68.0,,,300.062
vehicle,3,59,100000,random_node,autoref,True,,62.0,2120176.0,1.0,15.735
vowel,5,95,1000,shapley,autoref,False,timeout dopo 300.0s,68.0,,,300.032
vowel,2,95,1000,infogain,autoref,True,,53.0,8757.0,5416.0,39.437
vowel,2,95,1000,shapley,autoref,True,,53.0,8757.0,5416.0,88.969
vehicle,4,59,100000,infogain,autoref,False,timeout dopo 300.4s,66.0,,,300.437
vehicle,4,59,100000,shapley,autoref,False,timeout dopo 301.7s,66.0,,,301.688
vehicle,10,59,100000,modal_var,autoref,False,timeout dopo 307.8s,84.0,,,307.782
vowel,5,95,1000,pvalue,autoref,False,timeout dopo 300.0s,68.0,,,300.046
vehicle,4,59,100000,pvalue,autoref,False,timeout dopo 300.5s,66.0,,,300.484
vowel,2,95,1000,pvalue,autoref,True,,53.0,8757.0,5416.0,40.594
vowel,3,95,1000,infogain,autoref,False,timeout dopo 300.0s,58.0,,,300.032
vehicle,4,59,100000,random_node,autoref,False,timeout dopo 304.2s,66.0,,,304.25
vowel,3,95,1000,shapley,autoref,False,timeout dopo 300.0s,58.0,,,300.031
vowel,5,95,1000,random_node,autoref,False,timeout dopo 300.0s,68.0,,,300.032
vowel,5,95,1000,modal_var,autoref,False,timeout dopo 300.0s,68.0,,,300.047
vowel,2,95,1000,modal_var,autoref,True,,53.0,16740.0,39.0,1.891
vehicle,7,59,100000,modal_var,autoref,False,timeout dopo 308.6s,76.0,,,308.625
vowel,5,95,10000,infogain,autoref,False,timeout dopo 300.0s,68.0,,,300.031
vowel,2,95,10000,infogain,autoref,True,,53.0,89299.0,1.0,0.953
vowel,3,95,1000,pvalue,autoref,False,timeout dopo 300.0s,58.0,,,300.031
vowel,5,95,10000,shapley,autoref,False,timeout dopo 300.0s,68.0,,,300.046
vowel,2,95,10000,shapley,autoref,True,,53.0,89299.0,1.0,1.0
vowel,5,95,10000,pvalue,autoref,False,timeout dopo 300.0s,68.0,,,300.031
vowel,2,95,10000,pvalue,autoref,True,,53.0,89299.0,1.0,0.953
vowel,2,95,1000,random_node,autoref,True,,53.0,17017.0,2471.0,110.031
vowel,5,95,10000,random_node,autoref,False,timeout dopo 302.2s,68.0,,,302.219
vowel,2,95,10000,random_node,autoref,True,,53.0,89299.0,1.0,0.969
vowel,3,95,10000,infogain,autoref,True,,58.0,135888.0,1032.0,233.328
vowel,3,95,1000,modal_var,autoref,False,timeout dopo 300.1s,58.0,,,300.078
vowel,3,95,10000,shapley,autoref,True,,58.0,135888.0,1032.0,251.094
vowel,3,95,10000,pvalue,autoref,True,,58.0,135888.0,1032.0,235.094
vehicle,6,59,100000,modal_var,autoref,False,timeout dopo 300.1s,73.0,,,300.109
vowel,5,95,10000,modal_var,autoref,False,timeout dopo 300.9s,68.0,,,300.922
vowel,2,95,10000,modal_var,autoref,True,,53.0,89299.0,1.0,0.922
vowel,3,95,1000,random_node,autoref,False,timeout dopo 301.1s,58.0,,,301.079
vowel,3,95,10000,modal_var,autoref,True,,58.0,306795.0,85.0,79.235
vowel,3,95,10000,random_node,autoref,False,timeout dopo 300.7s,58.0,,,300.703
vowel,4,95,10000,infogain,autoref,False,timeout dopo 300.0s,64.0,,,300.031
vowel,4,95,10000,shapley,autoref,False,timeout dopo 300.1s,64.0,,,300.093
vowel,4,95,10000,pvalue,autoref,False,timeout dopo 300.0s,64.0,,,300.047
vowel,5,95,100000,infogain,autoref,False,timeout dopo 300.9s,68.0,,,300.907
vowel,2,95,100000,infogain,autoref,True,,53.0,89299.0,1.0,0.984
vowel,5,95,100000,shapley,autoref,False,timeout dopo 300.2s,68.0,,,300.188
vowel,2,95,100000,shapley,autoref,True,,53.0,89299.0,1.0,0.937
vowel,3,95,100000,infogain,autoref,True,,58.0,1864913.0,1.0,16.343
vowel,3,95,100000,shapley,autoref,True,,58.0,1864913.0,1.0,16.5
vowel,5,95,100000,pvalue,autoref,False,timeout dopo 300.9s,68.0,,,300.89
vowel,2,95,100000,pvalue,autoref,True,,53.0,89299.0,1.0,1.0
vowel,4,95,10000,modal_var,autoref,False,timeout dopo 301.7s,64.0,,,301.688
vowel,3,95,100000,pvalue,autoref,True,,58.0,1864913.0,1.0,16.938
vowel,5,95,100000,random_node,autoref,False,timeout dopo 302.9s,68.0,,,302.89
vowel,2,95,100000,random_node,autoref,True,,53.0,89299.0,1.0,0.938
vowel,3,95,100000,random_node,autoref,True,,58.0,1864913.0,1.0,15.782
vowel,5,95,100000,modal_var,autoref,False,timeout dopo 305.1s,68.0,,,305.063
vowel,2,95,100000,modal_var,autoref,True,,53.0,89299.0,1.0,0.938
vowel,3,95,100000,modal_var,autoref,True,,58.0,1864913.0,1.0,15.515
waveform-21,5,69,1000,shapley,autoref,False,timeout dopo 300.1s,125.0,,,300.093
waveform-21,5,69,1000,infogain,autoref,False,timeout dopo 300.0s,125.0,,,300.031
vowel,4,95,100000,infogain,autoref,False,timeout dopo 300.2s,64.0,,,300.235
vowel,4,95,100000,shapley,autoref,False,timeout dopo 301.4s,64.0,,,301.437
waveform-21,5,69,1000,pvalue,autoref,False,timeout dopo 300.0s,125.0,,,300.031
vowel,4,95,100000,pvalue,autoref,False,timeout dopo 300.8s,64.0,,,300.828
vowel,4,95,100000,random_node,autoref,False,timeout dopo 304.6s,64.0,,,304.594
waveform-21,2,69,1000,shapley,autoref,False,timeout dopo 300.1s,101.0,,,300.188
waveform-21,1,69,1000,shapley,autoref,True,,76.0,73139.0,1.0,4.266
waveform-21,2,69,1000,infogain,autoref,False,timeout dopo 300.0s,101.0,,,300.031
waveform-21,1,69,1000,infogain,autoref,True,,76.0,73139.0,1.0,4.125
vowel,4,95,100000,modal_var,autoref,False,timeout dopo 307.4s,64.0,,,307.375
waveform-21,5,69,1000,modal_var,autoref,False,timeout dopo 305.4s,125.0,,,305.422
waveform-21,5,69,1000,random_node,autoref,False,timeout dopo 301.8s,125.0,,,301.828
waveform-21,2,69,1000,pvalue,autoref,False,timeout dopo 303.4s,101.0,,,303.453
waveform-21,1,69,1000,pvalue,autoref,True,,76.0,73139.0,1.0,4.36
waveform-21,5,69,10000,infogain,autoref,False,hard kill dopo 360s (formula fuori dai check cooperativi),,,,360.015
waveform-21,5,69,10000,shapley,autoref,False,timeout dopo 304.5s,125.0,,,304.484
waveform-21,5,69,10000,pvalue,autoref,False,hard kill dopo 360s (formula fuori dai check cooperativi),,,,360.078
waveform-21,5,69,10000,random_node,autoref,False,hard kill dopo 360s (formula fuori dai check cooperativi),,,,360.0
waveform-21,5,69,10000,modal_var,autoref,False,hard kill dopo 360s (formula fuori dai check cooperativi),,,,360.031
waveform-21,2,69,1000,random_node,autoref,False,timeout dopo 345.9s,101.0,,,346.219
waveform-21,2,69,1000,modal_var,autoref,False,hard kill dopo 360s (formula fuori dai check cooperativi),,,,360.032
waveform-21,1,69,1000,random_node,autoref,True,,76.0,73139.0,1.0,4.438
waveform-21,1,69,1000,modal_var,autoref,True,,76.0,73139.0,1.0,4.297
waveform-21,5,69,100000,infogain,autoref,False,hard kill dopo 360s (formula fuori dai check cooperativi),,,,360.078
waveform-21,2,69,10000,infogain,autoref,False,hard kill dopo 360s (formula fuori dai check cooperativi),,,,360.109
waveform-21,2,69,10000,shapley,autoref,False,hard kill dopo 360s (formula fuori dai check cooperativi),,,,360.015
waveform-21,1,69,10000,infogain,autoref,True,,76.0,73139.0,1.0,4.266
waveform-21,1,69,10000,shapley,autoref,True,,76.0,73139.0,1.0,4.14
waveform-21,2,69,10000,pvalue,autoref,False,hard kill dopo 360s (formula fuori dai check cooperativi),,,,360.266
waveform-21,2,69,10000,random_node,autoref,False,hard kill dopo 360s (formula fuori dai check cooperativi),,,,360.031
waveform-21,1,69,10000,pvalue,autoref,True,,76.0,73139.0,1.0,4.235
waveform-21,1,69,10000,random_node,autoref,True,,76.0,73139.0,1.0,4.109
waveform-21,2,69,10000,modal_var,autoref,False,hard kill dopo 360s (formula fuori dai check cooperativi),,,,360.031
waveform-21,1,69,10000,modal_var,autoref,True,,76.0,73139.0,1.0,4.671
waveform-21,5,69,100000,shapley,autoref,False,hard kill dopo 360s (formula fuori dai check cooperativi),,,,360.015
waveform-21,5,69,100000,pvalue,autoref,False,hard kill dopo 360s (formula fuori dai check cooperativi),,,,360.016
waveform-21,2,69,100000,infogain,autoref,False,hard kill dopo 360s (formula fuori dai check cooperativi),,,,360.172
waveform-21,1,69,100000,infogain,autoref,True,,76.0,73139.0,1.0,7.0
waveform-21,5,69,100000,random_node,autoref,False,hard kill dopo 360s (formula fuori dai check cooperativi),,,,360.015
waveform-21,5,69,100000,modal_var,autoref,False,hard kill dopo 360s (formula fuori dai check cooperativi),,,,360.0
waveform-40,5,60,1000,infogain,autoref,False,hard kill dopo 360s (formula fuori dai check cooperativi),,,,360.0
waveform-40,5,60,1000,shapley,autoref,False,hard kill dopo 360s (formula fuori dai check cooperativi),,,,360.016
waveform-40,5,60,1000,pvalue,autoref,False,hard kill dopo 360s (formula fuori dai check cooperativi),,,,360.047
waveform-21,2,69,100000,shapley,autoref,False,hard kill dopo 360s (formula fuori dai check cooperativi),,,,360.078
waveform-21,2,69,100000,pvalue,autoref,False,hard kill dopo 360s (formula fuori dai check cooperativi),,,,360.047
waveform-21,1,69,100000,shapley,autoref,True,,76.0,73139.0,1.0,4.187
waveform-21,1,69,100000,pvalue,autoref,True,,76.0,73139.0,1.0,4.125
waveform-40,5,60,1000,random_node,autoref,False,hard kill dopo 360s (formula fuori dai check cooperativi),,,,360.031
waveform-21,2,69,100000,random_node,autoref,False,hard kill dopo 360s (formula fuori dai check cooperativi),,,,360.079
waveform-21,2,69,100000,modal_var,autoref,False,hard kill dopo 360s (formula fuori dai check cooperativi),,,,360.016
waveform-21,1,69,100000,random_node,autoref,True,,76.0,73139.0,1.0,4.157
waveform-21,1,69,100000,modal_var,autoref,True,,76.0,73139.0,1.0,4.172
waveform-40,2,60,1000,shapley,autoref,False,timeout dopo 300.3s,158.0,,,300.297
waveform-40,2,60,1000,infogain,autoref,False,timeout dopo 300.0s,158.0,,,300.015
waveform-40,1,60,1000,shapley,autoref,True,,117.0,524034.0,1.0,23.0
waveform-40,2,60,1000,pvalue,autoref,False,timeout dopo 300.1s,158.0,,,300.078
waveform-40,1,60,1000,infogain,autoref,True,,117.0,524034.0,1.0,22.75
waveform-40,1,60,1000,pvalue,autoref,True,,117.0,524034.0,1.0,22.547
waveform-40,5,60,10000,infogain,autoref,False,timeout dopo 300.1s,212.0,,,300.141
waveform-40,5,60,1000,modal_var,autoref,False,timeout dopo 300.1s,212.0,,,300.078
waveform-40,2,60,1000,random_node,autoref,False,timeout dopo 300.1s,158.0,,,300.11
waveform-40,1,60,1000,random_node,autoref,True,,117.0,524034.0,1.0,23.875
waveform-40,5,60,10000,shapley,autoref,False,timeout dopo 300.4s,212.0,,,300.39
waveform-40,5,60,10000,pvalue,autoref,False,timeout dopo 300.0s,212.0,,,300.031
waveform-40,5,60,10000,random_node,autoref,False,timeout dopo 319.4s,212.0,,,319.438
waveform-40,5,60,10000,modal_var,autoref,False,timeout dopo 300.2s,212.0,,,300.171
waveform-40,5,60,100000,infogain,autoref,False,timeout dopo 302.0s,212.0,,,301.969
waveform-40,2,60,10000,infogain,autoref,False,timeout dopo 300.2s,158.0,,,300.187
waveform-40,2,60,1000,modal_var,autoref,False,timeout dopo 300.5s,158.0,,,300.531
waveform-40,1,60,10000,infogain,autoref,True,,117.0,524034.0,1.0,22.938
waveform-40,1,60,1000,modal_var,autoref,True,,117.0,524034.0,1.0,23.609
waveform-40,5,60,100000,shapley,autoref,False,timeout dopo 300.2s,212.0,,,300.204
waveform-40,2,60,10000,shapley,autoref,False,timeout dopo 300.6s,158.0,,,300.625
waveform-40,2,60,10000,pvalue,autoref,False,timeout dopo 300.3s,158.0,,,300.344
waveform-40,1,60,10000,shapley,autoref,True,,117.0,524034.0,1.0,23.5
waveform-40,1,60,10000,pvalue,autoref,True,,117.0,524034.0,1.0,24.39
wdbc,5,40,1000,infogain,autoref,True,,47.0,8619.0,11458.0,57.453
waveform-40,2,60,10000,random_node,autoref,False,timeout dopo 315.1s,158.0,,,315.109
waveform-40,2,60,10000,modal_var,autoref,False,timeout dopo 306.5s,158.0,,,306.485
waveform-40,1,60,10000,random_node,autoref,True,,117.0,524034.0,1.0,22.61
waveform-40,1,60,10000,modal_var,autoref,True,,117.0,524034.0,1.0,22.578
waveform-40,2,60,100000,infogain,autoref,False,timeout dopo 312.4s,158.0,,,312.438
waveform-40,5,60,100000,pvalue,autoref,False,timeout dopo 300.7s,212.0,,,300.671
waveform-40,1,60,100000,infogain,autoref,True,,117.0,524034.0,1.0,22.609
waveform-40,5,60,100000,random_node,autoref,False,timeout dopo 318.8s,212.0,,,318.765
wdbc,5,40,1000,pvalue,autoref,True,,47.0,8619.0,11458.0,54.875
wdbc,5,40,1000,shapley,autoref,True,,47.0,8619.0,11458.0,105.687
waveform-40,2,60,100000,shapley,autoref,False,timeout dopo 304.8s,158.0,,,304.75
waveform-40,1,60,100000,shapley,autoref,True,,117.0,524034.0,1.0,23.0
wdbc,5,40,1000,modal_var,autoref,True,,47.0,8798.0,145.0,3.234
wdbc,5,40,1000,random_node,autoref,True,,47.0,9918.0,3865.0,117.609
waveform-40,5,60,100000,modal_var,autoref,False,hard kill dopo 360s (formula fuori dai check cooperativi),,,,360.0
wdbc,10,40,1000,infogain,autoref,False,timeout dopo 300.0s,79.0,,,300.031
wdbc,10,40,1000,pvalue,autoref,False,timeout dopo 300.0s,79.0,,,300.047
waveform-40,2,60,100000,pvalue,autoref,False,timeout dopo 300.8s,158.0,,,300.828
wdbc,10,40,1000,shapley,autoref,False,timeout dopo 300.0s,79.0,,,300.031
waveform-40,1,60,100000,pvalue,autoref,True,,117.0,524034.0,1.0,22.531
wdbc,5,40,10000,infogain,autoref,True,,47.0,45119.0,15.0,1.828
waveform-40,2,60,100000,random_node,autoref,False,hard kill dopo 360s (formula fuori dai check cooperativi),,,,360.016
waveform-40,1,60,100000,random_node,autoref,True,,117.0,524034.0,1.0,22.171
wdbc,5,40,10000,shapley,autoref,True,,47.0,45119.0,15.0,1.969
wdbc,10,40,1000,modal_var,autoref,False,timeout dopo 300.1s,79.0,,,300.078
wdbc,10,40,1000,random_node,autoref,False,timeout dopo 300.3s,79.0,,,300.36
wdbc,7,40,1000,infogain,autoref,False,timeout dopo 300.0s,62.0,,,300.047
waveform-40,2,60,100000,modal_var,autoref,False,hard kill dopo 360s (formula fuori dai check cooperativi),,,,360.0
waveform-40,1,60,100000,modal_var,autoref,True,,117.0,524034.0,1.0,22.703
wdbc,5,40,10000,pvalue,autoref,True,,47.0,45119.0,15.0,1.844
wdbc,7,40,1000,pvalue,autoref,False,timeout dopo 300.0s,62.0,,,300.047
wdbc,7,40,1000,shapley,autoref,False,timeout dopo 300.0s,62.0,,,300.031
wdbc,10,40,10000,infogain,autoref,False,timeout dopo 300.0s,79.0,,,300.047
wdbc,10,40,10000,shapley,autoref,False,timeout dopo 300.0s,79.0,,,300.016
wdbc,7,40,1000,modal_var,autoref,False,timeout dopo 300.0s,62.0,,,300.032
wdbc,7,40,1000,random_node,autoref,False,timeout dopo 300.5s,62.0,,,300.563
wdbc,6,40,1000,infogain,autoref,False,timeout dopo 300.0s,56.0,,,300.031
wdbc,5,40,10000,random_node,autoref,True,,47.0,45270.0,5.0,1.234
wdbc,6,40,1000,modal_var,autoref,True,,56.0,17235.0,1666.0,56.953
wdbc,5,40,10000,modal_var,autoref,True,,47.0,44330.0,4.0,1.109
wdbc,10,40,10000,pvalue,autoref,False,timeout dopo 300.0s,79.0,,,300.015
wdbc,6,40,1000,pvalue,autoref,False,timeout dopo 300.0s,56.0,,,300.032
wdbc,5,40,100000,infogain,autoref,True,,47.0,100418.0,1.0,0.922
wdbc,6,40,1000,shapley,autoref,False,timeout dopo 300.0s,56.0,,,300.031
wdbc,5,40,100000,shapley,autoref,True,,47.0,100418.0,1.0,0.891
wdbc,7,40,10000,infogain,autoref,False,timeout dopo 300.0s,62.0,,,300.031
wdbc,7,40,10000,shapley,autoref,False,timeout dopo 300.0s,62.0,,,300.031
wdbc,6,40,1000,random_node,autoref,False,timeout dopo 300.6s,56.0,,,300.578
wdbc,5,40,100000,pvalue,autoref,True,,47.0,100418.0,1.0,0.891
wdbc,10,40,10000,random_node,autoref,False,timeout dopo 301.5s,79.0,,,301.485
wdbc,10,40,10000,modal_var,autoref,False,timeout dopo 300.0s,79.0,,,300.047
wdbc,7,40,10000,pvalue,autoref,False,timeout dopo 300.0s,62.0,,,300.015
wdbc,10,40,100000,infogain,autoref,False,timeout dopo 300.2s,79.0,,,300.203
wdbc,10,40,100000,shapley,autoref,False,timeout dopo 300.1s,79.0,,,300.125
wdbc,6,40,10000,infogain,autoref,False,timeout dopo 300.0s,56.0,,,300.031
wdbc,5,40,100000,random_node,autoref,True,,47.0,100418.0,1.0,0.875
wdbc,6,40,10000,shapley,autoref,False,timeout dopo 300.1s,56.0,,,300.078
wdbc,5,40,100000,modal_var,autoref,True,,47.0,100418.0,1.0,0.969
wdbc,10,40,100000,pvalue,autoref,False,timeout dopo 300.2s,79.0,,,300.25
wdbc,7,40,10000,modal_var,autoref,False,timeout dopo 301.7s,62.0,,,301.735
wdbc,7,40,10000,random_node,autoref,False,timeout dopo 303.5s,62.0,,,303.5
wdbc,6,40,10000,pvalue,autoref,False,timeout dopo 300.1s,56.0,,,300.093
wdbc,6,40,10000,modal_var,autoref,True,,56.0,129939.0,57.0,33.547
wdbc,7,40,100000,infogain,autoref,False,timeout dopo 300.0s,62.0,,,300.016
wdbc,10,40,100000,random_node,autoref,False,timeout dopo 300.1s,79.0,,,300.094
wdbc,7,40,100000,shapley,autoref,False,timeout dopo 300.7s,62.0,,,300.719
wdbc,6,40,100000,infogain,autoref,True,,56.0,1013385.0,3.0,14.172
wdbc,6,40,100000,shapley,autoref,True,,56.0,1013385.0,3.0,14.25
wdbc,10,40,100000,modal_var,autoref,False,timeout dopo 300.7s,79.0,,,300.656
wdbc,7,40,100000,pvalue,autoref,False,timeout dopo 300.1s,62.0,,,300.093
wdbc,6,40,10000,random_node,autoref,False,timeout dopo 300.6s,56.0,,,300.64
wdbc,6,40,100000,pvalue,autoref,True,,56.0,1013385.0,3.0,13.719
wine-quality-red,5,93,1000,shapley,autoref,False,timeout dopo 300.0s,70.0,,,300.032
wine-quality-red,5,93,1000,infogain,autoref,False,timeout dopo 300.0s,70.0,,,300.031
wdbc,7,40,100000,random_node,autoref,False,timeout dopo 301.3s,62.0,,,301.266
wine-quality-red,5,93,1000,random_node,autoref,False,timeout dopo 300.0s,70.0,,,300.016
wdbc,6,40,100000,random_node,autoref,True,,56.0,1038560.0,4.0,23.25
wine-quality-red,5,93,1000,pvalue,autoref,False,timeout dopo 300.0s,70.0,,,300.078
wdbc,7,40,100000,modal_var,autoref,False,timeout dopo 314.4s,62.0,,,314.406
wdbc,6,40,100000,modal_var,autoref,True,,56.0,898889.0,2.0,10.125
wine-quality-red,5,93,1000,modal_var,autoref,False,timeout dopo 300.0s,70.0,,,300.031
wine-quality-red,2,93,1000,shapley,autoref,False,timeout dopo 300.0s,59.0,,,300.062
wine-quality-red,2,93,1000,infogain,autoref,False,timeout dopo 300.0s,59.0,,,300.046
wine-quality-red,5,93,10000,infogain,autoref,False,timeout dopo 300.0s,70.0,,,300.031
wine-quality-red,1,93,1000,shapley,autoref,True,,51.0,1058197.0,1.0,27.14
wine-quality-red,1,93,1000,infogain,autoref,True,,51.0,1058197.0,1.0,27.125
wine-quality-red,5,93,10000,shapley,autoref,False,timeout dopo 300.0s,70.0,,,300.047
wine-quality-red,2,93,1000,pvalue,autoref,False,timeout dopo 300.0s,59.0,,,300.046
wine-quality-red,2,93,1000,random_node,autoref,False,timeout dopo 310.6s,59.0,,,310.578
wine-quality-red,1,93,1000,pvalue,autoref,True,,51.0,1058197.0,1.0,28.344
wine-quality-red,1,93,1000,random_node,autoref,True,,51.0,1058197.0,1.0,28.734
wine-quality-red,5,93,10000,pvalue,autoref,False,timeout dopo 300.0s,70.0,,,300.015
wine-quality-red,2,93,1000,modal_var,autoref,False,timeout dopo 300.0s,59.0,,,300.047
wine-quality-red,5,93,10000,random_node,autoref,False,timeout dopo 305.9s,70.0,,,305.891
wine-quality-red,1,93,1000,modal_var,autoref,True,,51.0,1058197.0,1.0,29.36
wine-quality-red,2,93,10000,infogain,autoref,False,timeout dopo 300.5s,59.0,,,300.531
wine-quality-red,5,93,10000,modal_var,autoref,False,timeout dopo 300.4s,70.0,,,300.437
wine-quality-red,1,93,10000,infogain,autoref,True,,51.0,1058197.0,1.0,27.063
wine-quality-red,2,93,10000,shapley,autoref,False,timeout dopo 306.0s,59.0,,,305.969
wine-quality-red,5,93,100000,shapley,autoref,False,timeout dopo 300.1s,70.0,,,300.141
wine-quality-red,5,93,100000,infogain,autoref,False,timeout dopo 300.3s,70.0,,,300.313
wine-quality-red,1,93,10000,shapley,autoref,True,,51.0,1058197.0,1.0,28.765
wine-quality-red,2,93,10000,pvalue,autoref,False,timeout dopo 300.5s,59.0,,,300.485
wine-quality-red,1,93,10000,pvalue,autoref,True,,51.0,1058197.0,1.0,29.844
wine-quality-red,5,93,100000,pvalue,autoref,False,timeout dopo 300.0s,70.0,,,300.062
wine-quality-red,2,93,10000,random_node,autoref,False,timeout dopo 304.2s,59.0,,,304.25
wine-quality-red,2,93,10000,modal_var,autoref,False,timeout dopo 300.9s,59.0,,,300.859
wine-quality-red,1,93,10000,random_node,autoref,True,,51.0,1058197.0,1.0,29.063
wine-quality-red,1,93,10000,modal_var,autoref,True,,51.0,1058197.0,1.0,29.594
wine-quality-red,5,93,100000,random_node,autoref,False,timeout dopo 306.0s,70.0,,,306.0
wine-quality-red,2,93,100000,shapley,autoref,False,timeout dopo 305.1s,59.0,,,305.078
wine-quality-red,1,93,100000,shapley,autoref,True,,51.0,1058197.0,1.0,29.984
wine-quality-red,2,93,100000,infogain,autoref,False,timeout dopo 312.6s,59.0,,,312.625
wine-quality-red,5,93,100000,modal_var,autoref,False,hard kill dopo 360s (formula fuori dai check cooperativi),,,,360.0
wine-quality-red,1,93,100000,infogain,autoref,True,,51.0,1058197.0,1.0,35.453
wine-quality-white,5,53,1000,infogain,autoref,False,hard kill dopo 360s (formula fuori dai check cooperativi),,,,360.031
wine-quality-red,2,93,100000,pvalue,autoref,False,hard kill dopo 360s (formula fuori dai check cooperativi),,,,360.031
wine-quality-white,5,53,1000,shapley,autoref,False,hard kill dopo 360s (formula fuori dai check cooperativi),,,,360.047
wine-quality-red,1,93,100000,pvalue,autoref,True,,51.0,1058197.0,1.0,31.657
wine-quality-white,5,53,1000,pvalue,autoref,False,hard kill dopo 360s (formula fuori dai check cooperativi),,,,360.016
wine-quality-red,2,93,100000,random_node,autoref,False,hard kill dopo 360s (formula fuori dai check cooperativi),,,,360.016
wine-quality-red,1,93,100000,random_node,autoref,True,,51.0,1058197.0,1.0,42.891
wine-quality-white,5,53,1000,random_node,autoref,False,hard kill dopo 360s (formula fuori dai check cooperativi),,,,360.047
wine-quality-red,2,93,100000,modal_var,autoref,False,hard kill dopo 360s (formula fuori dai check cooperativi),,,,360.047
wine-quality-white,5,53,1000,modal_var,autoref,False,hard kill dopo 360s (formula fuori dai check cooperativi),,,,360.047
wine-quality-red,1,93,100000,modal_var,autoref,True,,51.0,1058197.0,1.0,31.14
wine-quality-white,2,53,1000,infogain,autoref,False,hard kill dopo 360s (formula fuori dai check cooperativi),,,,360.094
wine-quality-white,2,53,1000,shapley,autoref,False,hard kill dopo 360s (formula fuori dai check cooperativi),,,,360.094
wine-quality-white,5,53,10000,infogain,autoref,False,hard kill dopo 360s (formula fuori dai check cooperativi),,,,360.015
wine-quality-white,2,53,1000,pvalue,autoref,False,hard kill dopo 360s (formula fuori dai check cooperativi),,,,360.016
wine-quality-white,5,53,10000,shapley,autoref,False,hard kill dopo 360s (formula fuori dai check cooperativi),,,,360.047
wine-quality-white,2,53,1000,random_node,autoref,False,hard kill dopo 360s (formula fuori dai check cooperativi),,,,360.172
wine-quality-white,2,53,1000,modal_var,autoref,False,hard kill dopo 360s (formula fuori dai check cooperativi),,,,360.125
wine-quality-white,5,53,10000,pvalue,autoref,False,hard kill dopo 360s (formula fuori dai check cooperativi),,,,360.047
wine-quality-white,1,53,1000,infogain,autoref,False,hard kill dopo 360s (formula fuori dai check cooperativi),,,,360.094
wine-quality-white,1,53,1000,shapley,autoref,False,hard kill dopo 360s (formula fuori dai check cooperativi),,,,360.172
wine-quality-white,2,53,10000,infogain,autoref,False,hard kill dopo 360s (formula fuori dai check cooperativi),,,,360.062
wine-quality-white,1,53,1000,pvalue,autoref,False,hard kill dopo 360s (formula fuori dai check cooperativi),,,,360.016
wine-quality-white,2,53,10000,shapley,autoref,False,hard kill dopo 360s (formula fuori dai check cooperativi),,,,360.11
wine-quality-white,1,53,1000,random_node,autoref,False,hard kill dopo 360s (formula fuori dai check cooperativi),,,,360.125
wine-quality-white,1,53,1000,modal_var,autoref,False,hard kill dopo 360s (formula fuori dai check cooperativi),,,,360.25
wine-quality-white,2,53,10000,pvalue,autoref,False,hard kill dopo 360s (formula fuori dai check cooperativi),,,,360.078
wine-quality-white,5,53,10000,random_node,autoref,False,hard kill dopo 360s (formula fuori dai check cooperativi),,,,360.063
wine-quality-white,1,53,10000,infogain,autoref,False,hard kill dopo 360s (formula fuori dai check cooperativi),,,,360.078
wine-quality-white,5,53,10000,modal_var,autoref,False,hard kill dopo 360s (formula fuori dai check cooperativi),,,,360.265
wine-quality-white,5,53,100000,infogain,autoref,False,hard kill dopo 360s (formula fuori dai check cooperativi),,,,360.0
wine-quality-white,1,53,10000,shapley,autoref,False,hard kill dopo 360s (formula fuori dai check cooperativi),,,,360.094
wine-quality-white,5,53,100000,shapley,autoref,False,hard kill dopo 360s (formula fuori dai check cooperativi),,,,360.188
wine-quality-white,5,53,100000,pvalue,autoref,False,hard kill dopo 360s (formula fuori dai check cooperativi),,,,360.11
wine-quality-white,1,53,10000,pvalue,autoref,False,hard kill dopo 360s (formula fuori dai check cooperativi),,,,360.062
wine-recog,5,24,1000,infogain,autoref,True,,20.0,118.0,1.0,0.047
wine-recog,10,24,1000,infogain,autoref,True,,31.0,1779.0,594.0,3.11
wine-quality-white,2,53,10000,random_node,autoref,False,hard kill dopo 360s (formula fuori dai check cooperativi),,,,360.047
wine-quality-white,2,53,10000,modal_var,autoref,False,hard kill dopo 360s (formula fuori dai check cooperativi),,,,360.032
wine-quality-white,5,53,100000,random_node,autoref,False,hard kill dopo 360s (formula fuori dai check cooperativi),,,,360.11
wine-quality-white,2,53,100000,infogain,autoref,False,hard kill dopo 360s (formula fuori dai check cooperativi),,,,360.094
wine-quality-white,5,53,100000,modal_var,autoref,False,hard kill dopo 360s (formula fuori dai check cooperativi),,,,360.109
wine-quality-white,2,53,100000,shapley,autoref,False,hard kill dopo 360s (formula fuori dai check cooperativi),,,,360.109
wine-recog,20,24,1000,infogain,autoref,False,timeout dopo 300.0s,45.0,,,300.438
wine-quality-white,2,53,100000,pvalue,autoref,False,hard kill dopo 360s (formula fuori dai check cooperativi),,,,360.14
wine-quality-white,1,53,10000,random_node,autoref,False,hard kill dopo 360s (formula fuori dai check cooperativi),,,,360.016
wine-recog,5,24,1000,shapley,autoref,True,,20.0,118.0,1.0,0.047
wine-recog,10,24,1000,shapley,autoref,True,,31.0,1779.0,594.0,4.406
wine-quality-white,1,53,10000,modal_var,autoref,False,hard kill dopo 360s (formula fuori dai check cooperativi),,,,360.219
wine-quality-white,2,53,100000,random_node,autoref,False,hard kill dopo 360s (formula fuori dai check cooperativi),,,,360.063
wine-recog,5,24,1000,pvalue,autoref,True,,20.0,118.0,1.0,0.046
wine-recog,10,24,1000,pvalue,autoref,True,,31.0,1779.0,594.0,3.063
wine-quality-white,1,53,100000,infogain,autoref,False,hard kill dopo 360s (formula fuori dai check cooperativi),,,,360.031
wine-recog,5,24,1000,random_node,autoref,True,,20.0,118.0,1.0,0.063
wine-recog,10,24,1000,random_node,autoref,True,,31.0,1787.0,29.0,0.703
wine-quality-white,2,53,100000,modal_var,autoref,False,hard kill dopo 360s (formula fuori dai check cooperativi),,,,360.031
wine-recog,15,24,1000,infogain,autoref,False,timeout dopo 300.0s,37.0,,,300.094
wine-quality-white,1,53,100000,shapley,autoref,False,hard kill dopo 360s (formula fuori dai check cooperativi),,,,360.11
wine-recog,5,24,1000,modal_var,autoref,True,,20.0,118.0,1.0,0.062
wine-recog,10,24,1000,modal_var,autoref,True,,31.0,1674.0,15.0,0.484
wine-recog,20,24,1000,shapley,autoref,False,timeout dopo 300.0s,45.0,,,300.047
wine-quality-white,1,53,100000,pvalue,autoref,False,hard kill dopo 360s (formula fuori dai check cooperativi),,,,360.093
wine-recog,5,24,10000,infogain,autoref,True,,20.0,118.0,1.0,0.062
wine-recog,10,24,10000,infogain,autoref,True,,31.0,4672.0,1.0,0.313
wine-quality-white,1,53,100000,random_node,autoref,True,,55.0,3392912.0,1.0,278.656
wine-recog,5,24,10000,shapley,autoref,True,,20.0,118.0,1.0,0.047
wine-recog,10,24,10000,shapley,autoref,True,,31.0,4672.0,1.0,0.297
wine-recog,20,24,1000,pvalue,autoref,False,timeout dopo 300.0s,45.0,,,300.031
wine-recog,20,24,1000,random_node,autoref,False,timeout dopo 300.0s,45.0,,,300.032
wine-quality-white,1,53,100000,modal_var,autoref,True,,55.0,3392912.0,1.0,251.078
wine-recog,5,24,10000,pvalue,autoref,True,,20.0,118.0,1.0,0.046
wine-recog,10,24,10000,pvalue,autoref,True,,31.0,4672.0,1.0,0.265
wine-recog,12,24,1000,infogain,autoref,False,timeout dopo 300.0s,36.0,,,300.031
wine-recog,20,24,1000,modal_var,autoref,False,timeout dopo 300.0s,45.0,,,300.031
wine-recog,11,24,1000,infogain,autoref,True,,33.0,1875.0,11006.0,41.5
wine-recog,5,24,10000,random_node,autoref,True,,20.0,118.0,1.0,0.047
wine-recog,10,24,10000,random_node,autoref,True,,31.0,4672.0,1.0,0.297
wine-recog,15,24,1000,shapley,autoref,False,timeout dopo 300.0s,37.0,,,300.016
wine-recog,15,24,1000,modal_var,autoref,True,,37.0,2197.0,1059.0,24.218
wine-recog,20,24,10000,infogain,autoref,False,timeout dopo 300.0s,45.0,,,300.015
wine-recog,15,24,10000,infogain,autoref,True,,37.0,14595.0,7.0,1.593
wine-recog,15,24,1000,random_node,autoref,True,,37.0,2181.0,5942.0,177.922
wine-recog,20,24,10000,shapley,autoref,False,timeout dopo 300.0s,45.0,,,300.016
wine-recog,15,24,10000,shapley,autoref,True,,37.0,14595.0,7.0,1.64
wine-recog,15,24,1000,pvalue,autoref,False,timeout dopo 300.0s,37.0,,,300.016
wine-recog,20,24,10000,pvalue,autoref,False,timeout dopo 300.0s,45.0,,,300.031
wine-recog,15,24,10000,pvalue,autoref,True,,37.0,14595.0,7.0,1.797
wine-recog,17,24,1000,modal_var,autoref,True,,42.0,2139.0,7899.0,140.297
wine-recog,17,24,10000,infogain,autoref,True,,42.0,20321.0,5507.0,265.11
wine-recog,20,24,10000,random_node,autoref,False,timeout dopo 300.0s,45.0,,,300.031
wine-recog,15,24,10000,random_node,autoref,True,,37.0,13959.0,6.0,2.11
wine-recog,12,24,1000,shapley,autoref,False,timeout dopo 300.0s,36.0,,,300.031
wine-recog,17,24,1000,random_node,autoref,False,timeout dopo 300.0s,42.0,,,300.047
wine-recog,11,24,1000,shapley,autoref,True,,33.0,1875.0,11006.0,61.985
wine-recog,5,24,10000,modal_var,autoref,True,,20.0,118.0,1.0,0.047
wine-recog,10,24,10000,modal_var,autoref,True,,31.0,4672.0,1.0,0.297
wine-recog,17,24,10000,shapley,autoref,True,,42.0,20321.0,5507.0,288.453
wine-recog,17,24,10000,random_node,autoref,True,,42.0,21530.0,294.0,98.969
wine-recog,12,24,1000,pvalue,autoref,False,timeout dopo 300.0s,36.0,,,300.031
wine-recog,17,24,10000,pvalue,autoref,True,,42.0,20321.0,5507.0,263.687
wine-recog,11,24,1000,pvalue,autoref,True,,33.0,1875.0,11006.0,43.969
wine-recog,5,24,100000,infogain,autoref,True,,20.0,118.0,1.0,0.063
wine-recog,10,24,100000,infogain,autoref,True,,31.0,4672.0,1.0,0.328
wine-recog,18,24,1000,modal_var,autoref,False,timeout dopo 300.0s,43.0,,,300.031
wine-recog,5,24,100000,shapley,autoref,True,,20.0,118.0,1.0,0.062
wine-recog,10,24,100000,shapley,autoref,True,,31.0,4672.0,1.0,0.281
wine-recog,20,24,100000,infogain,autoref,True,,45.0,133345.0,21.0,23.907
wine-recog,20,24,100000,shapley,autoref,True,,45.0,133345.0,21.0,23.953
wine-recog,20,24,10000,modal_var,autoref,True,,45.0,20828.0,284.0,157.094
wine-recog,18,24,10000,infogain,autoref,False,timeout dopo 300.0s,43.0,,,300.031
wine-recog,5,24,100000,pvalue,autoref,True,,20.0,118.0,1.0,0.047
wine-recog,10,24,100000,pvalue,autoref,True,,31.0,4672.0,1.0,0.313
wine-recog,20,24,100000,pvalue,autoref,True,,45.0,133345.0,21.0,23.844
wine-recog,16,24,1000,random_node,autoref,False,timeout dopo 300.3s,41.0,,,300.297
wine-recog,5,24,100000,random_node,autoref,True,,20.0,118.0,1.0,0.047
wine-recog,10,24,100000,random_node,autoref,True,,31.0,4672.0,1.0,0.297
wine-recog,18,24,10000,shapley,autoref,False,timeout dopo 300.0s,43.0,,,300.032
wine-recog,5,24,100000,modal_var,autoref,True,,20.0,118.0,1.0,0.047
wine-recog,10,24,100000,modal_var,autoref,True,,31.0,4672.0,1.0,0.313
wine-recog,18,24,10000,pvalue,autoref,False,timeout dopo 300.0s,43.0,,,300.031
wine-recognition,5,24,1000,infogain,autoref,True,,20.0,118.0,1.0,0.047
wine-recognition,10,24,1000,infogain,autoref,True,,31.0,1779.0,594.0,2.984
wine-recog,20,24,100000,modal_var,autoref,True,,45.0,139463.0,9.0,29.219
wine-recog,18,24,10000,random_node,autoref,False,timeout dopo 301.6s,43.0,,,301.578
wine-recognition,5,24,1000,shapley,autoref,True,,20.0,118.0,1.0,0.046
wine-recognition,10,24,1000,shapley,autoref,True,,31.0,1779.0,594.0,4.109
wine-recog,20,24,100000,random_node,autoref,True,,45.0,129589.0,17.0,52.359
wine-recog,24,24,100000,shapley,autoref,False,timeout dopo 300.2s,47.0,,,300.157
wine-recog,24,24,100000,infogain,autoref,False,timeout dopo 300.0s,47.0,,,300.016
wine-recog,24,24,10000,modal_var,autoref,False,timeout dopo 300.6s,47.0,,,300.625
wine-recog,24,24,100000,pvalue,autoref,False,timeout dopo 300.2s,47.0,,,300.235
wine-recog,22,24,100000,shapley,autoref,True,,46.0,135228.0,178.0,155.672
wine-recog,24,24,100000,modal_var,autoref,True,,47.0,175647.0,27.0,211.829
wine-recognition,5,24,1000,pvalue,autoref,True,,20.0,118.0,1.0,0.047
wine-recognition,10,24,1000,pvalue,autoref,True,,31.0,1779.0,594.0,2.906
wine-recog,22,24,100000,infogain,autoref,True,,46.0,135228.0,178.0,154.297
wine-recognition,20,24,1000,infogain,autoref,False,timeout dopo 300.0s,45.0,,,300.016
wine-recognition,20,24,1000,shapley,autoref,False,timeout dopo 300.0s,45.0,,,300.015
wine-recog,24,24,100000,random_node,autoref,False,timeout dopo 303.4s,47.0,,,303.39
wine-recog,22,24,100000,pvalue,autoref,True,,46.0,135228.0,178.0,151.968
wine-recog,22,24,10000,modal_var,autoref,False,timeout dopo 300.2s,46.0,,,300.204
wine-recog,22,24,100000,random_node,autoref,True,,46.0,135228.0,31.0,189.094
wine-recog,23,24,100000,shapley,autoref,False,timeout dopo 300.0s,46.0,,,300.016
wine-recognition,5,24,1000,random_node,autoref,True,,20.0,118.0,1.0,0.062
wine-recognition,10,24,1000,random_node,autoref,True,,31.0,1787.0,29.0,0.687
wine-recognition,20,24,1000,pvalue,autoref,False,timeout dopo 300.0s,45.0,,,300.015
wine-recog,23,24,100000,infogain,autoref,False,timeout dopo 300.0s,46.0,,,300.047
wine-recognition,5,24,1000,modal_var,autoref,True,,20.0,118.0,1.0,0.063
wine-recognition,10,24,1000,modal_var,autoref,True,,31.0,1674.0,15.0,0.485
wine-recognition,15,24,1000,infogain,autoref,False,timeout dopo 300.0s,37.0,,,300.016
wine-recognition,15,24,1000,shapley,autoref,False,timeout dopo 300.0s,37.0,,,300.015
wine-recog,23,24,100000,pvalue,autoref,False,timeout dopo 300.1s,46.0,,,300.063
wine-recognition,5,24,10000,infogain,autoref,True,,20.0,118.0,1.0,0.047
wine-recognition,10,24,10000,infogain,autoref,True,,31.0,4672.0,1.0,0.281
wine-recog,21,24,10000,modal_var,autoref,True,,45.0,20024.0,303.0,229.328
wine-recognition,5,24,10000,shapley,autoref,True,,20.0,118.0,1.0,0.062
wine-recognition,10,24,10000,shapley,autoref,True,,31.0,4672.0,1.0,0.281
wine-recog,23,24,100000,random_node,autoref,False,timeout dopo 300.7s,46.0,,,300.656
wine-recognition,5,24,10000,pvalue,autoref,True,,20.0,118.0,1.0,0.047
wine-recognition,10,24,10000,pvalue,autoref,True,,31.0,4672.0,1.0,0.297
wine-recognition,15,24,1000,pvalue,autoref,False,timeout dopo 300.0s,37.0,,,300.015
wine-recognition,20,24,1000,random_node,autoref,False,timeout dopo 320.0s,45.0,,,320.047
wine-recognition,20,24,1000,modal_var,autoref,False,timeout dopo 300.0s,45.0,,,300.031
wine-recognition,12,24,1000,infogain,autoref,False,timeout dopo 300.0s,36.0,,,300.031
wine-recognition,12,24,1000,shapley,autoref,False,timeout dopo 300.0s,36.0,,,300.015
wine-recognition,15,24,1000,modal_var,autoref,True,,37.0,2197.0,1059.0,24.468
wine-recognition,11,24,1000,infogain,autoref,True,,33.0,1875.0,11006.0,41.234
wine-recognition,5,24,10000,random_node,autoref,True,,20.0,118.0,1.0,0.047
wine-recognition,10,24,10000,random_node,autoref,True,,31.0,4672.0,1.0,0.282
wine-recognition,11,24,1000,shapley,autoref,True,,33.0,1875.0,11006.0,60.953
wine-recognition,5,24,10000,modal_var,autoref,True,,20.0,118.0,1.0,0.047
wine-recognition,10,24,10000,modal_var,autoref,True,,31.0,4672.0,1.0,0.281
wine-recognition,20,24,10000,infogain,autoref,False,timeout dopo 300.0s,45.0,,,300.031
wine-recognition,20,24,10000,shapley,autoref,False,timeout dopo 300.0s,45.0,,,300.016
wine-recognition,15,24,10000,infogain,autoref,True,,37.0,14595.0,7.0,1.641
wine-recognition,15,24,10000,shapley,autoref,True,,37.0,14595.0,7.0,1.688
wine-recognition,15,24,1000,random_node,autoref,True,,37.0,2181.0,5942.0,182.984
wine-recognition,17,24,1000,modal_var,autoref,True,,42.0,2139.0,7899.0,140.641
wine-recognition,20,24,10000,pvalue,autoref,False,timeout dopo 300.0s,45.0,,,300.031
wine-recognition,15,24,10000,pvalue,autoref,True,,37.0,14595.0,7.0,1.625
wine-recognition,12,24,1000,pvalue,autoref,False,timeout dopo 300.0s,36.0,,,300.031
wine-recognition,20,24,10000,modal_var,autoref,True,,45.0,20828.0,284.0,158.937
wine-recognition,11,24,1000,pvalue,autoref,True,,33.0,1875.0,11006.0,42.578
wine-recognition,5,24,100000,infogain,autoref,True,,20.0,118.0,1.0,0.047
wine-recognition,10,24,100000,infogain,autoref,True,,31.0,4672.0,1.0,0.313
wine-recognition,20,24,100000,infogain,autoref,True,,45.0,133345.0,21.0,23.36
wine-recognition,20,24,10000,random_node,autoref,False,timeout dopo 300.2s,45.0,,,300.219
wine-recognition,15,24,10000,random_node,autoref,True,,37.0,13959.0,6.0,2.156
wine-recognition,17,24,10000,infogain,autoref,True,,42.0,20321.0,5507.0,273.328
wine-recognition,17,24,10000,shapley,autoref,True,,42.0,20321.0,5507.0,297.531
wine-recognition,17,24,10000,random_node,autoref,True,,42.0,21530.0,294.0,103.985
wine-recognition,17,24,1000,random_node,autoref,False,timeout dopo 300.7s,42.0,,,300.672
wine-recognition,18,24,1000,modal_var,autoref,False,timeout dopo 301.1s,43.0,,,301.109
wine-recognition,5,24,100000,shapley,autoref,True,,20.0,118.0,1.0,0.046
wine-recognition,10,24,100000,shapley,autoref,True,,31.0,4672.0,1.0,0.297
wine-recognition,17,24,10000,pvalue,autoref,True,,42.0,20321.0,5507.0,270.781
wine-recognition,20,24,100000,shapley,autoref,True,,45.0,133345.0,21.0,23.609
wine-recognition,24,24,10000,modal_var,autoref,False,timeout dopo 300.1s,47.0,,,300.063
wine-recognition,24,24,100000,infogain,autoref,False,timeout dopo 300.4s,47.0,,,300.391
wine-recognition,18,24,10000,infogain,autoref,False,timeout dopo 300.0s,43.0,,,300.031
wine-recognition,5,24,100000,pvalue,autoref,True,,20.0,118.0,1.0,0.047
wine-recognition,10,24,100000,pvalue,autoref,True,,31.0,4672.0,1.0,0.297
wine-recognition,18,24,10000,shapley,autoref,False,timeout dopo 300.0s,43.0,,,300.047
wine-recognition,5,24,100000,random_node,autoref,True,,20.0,118.0,1.0,0.047
wine-recognition,10,24,100000,random_node,autoref,True,,31.0,4672.0,1.0,0.328
wine-recognition,20,24,100000,pvalue,autoref,True,,45.0,133345.0,21.0,23.891
wine-recognition,20,24,100000,random_node,autoref,True,,45.0,129589.0,17.0,55.985
wine-recognition,16,24,1000,random_node,autoref,False,timeout dopo 300.0s,41.0,,,300.031
wine-recognition,5,24,100000,modal_var,autoref,True,,20.0,118.0,1.0,0.063
wine-recognition,10,24,100000,modal_var,autoref,True,,31.0,4672.0,1.0,0.297
wine-recognition,18,24,10000,random_node,autoref,False,timeout dopo 304.7s,43.0,,,304.75
wpbc,5,35,1000,infogain,autoref,True,,44.0,2670.0,1.0,0.032
wine-recognition,18,24,10000,pvalue,autoref,False,timeout dopo 300.3s,43.0,,,300.281
wpbc,5,35,1000,shapley,autoref,True,,44.0,2670.0,1.0,0.031
wine-recognition,22,24,100000,infogain,autoref,True,,46.0,135228.0,178.0,160.828
wine-recognition,24,24,100000,shapley,autoref,False,timeout dopo 300.2s,47.0,,,300.266
wine-recognition,20,24,100000,modal_var,autoref,True,,45.0,139463.0,9.0,28.937
wine-recognition,22,24,10000,modal_var,autoref,False,timeout dopo 300.0s,46.0,,,300.047
wine-recognition,22,24,100000,shapley,autoref,True,,46.0,135228.0,178.0,156.734
wine-recognition,24,24,100000,pvalue,autoref,False,timeout dopo 300.1s,47.0,,,300.063
wine-recognition,24,24,100000,modal_var,autoref,True,,47.0,175647.0,27.0,210.594
wpbc,5,35,1000,pvalue,autoref,True,,44.0,2670.0,1.0,0.032
wine-recognition,24,24,100000,random_node,autoref,False,timeout dopo 300.0s,47.0,,,300.031
wpbc,10,35,1000,infogain,autoref,False,timeout dopo 300.0s,73.0,,,300.031
wpbc,10,35,1000,shapley,autoref,False,timeout dopo 300.0s,73.0,,,300.031
wine-recognition,23,24,100000,infogain,autoref,False,timeout dopo 300.5s,46.0,,,300.484
wpbc,5,35,1000,random_node,autoref,True,,44.0,2670.0,1.0,0.031
wine-recognition,21,24,10000,modal_var,autoref,True,,45.0,20024.0,303.0,229.782
wpbc,5,35,1000,modal_var,autoref,True,,44.0,2670.0,1.0,0.031
wpbc,7,35,1000,infogain,autoref,True,,56.0,3984.0,13070.0,56.938
wine-recognition,22,24,100000,pvalue,autoref,True,,46.0,135228.0,178.0,151.406
wpbc,7,35,1000,shapley,autoref,True,,56.0,3984.0,13070.0,150.563
wine-recognition,22,24,100000,random_node,autoref,True,,46.0,135228.0,31.0,186.047
wine-recognition,23,24,100000,shapley,autoref,False,timeout dopo 300.1s,46.0,,,300.14
wpbc,5,35,10000,infogain,autoref,True,,44.0,2670.0,1.0,0.047
wpbc,10,35,1000,pvalue,autoref,False,timeout dopo 300.0s,73.0,,,300.031
wpbc,7,35,1000,pvalue,autoref,True,,56.0,3984.0,13070.0,56.953
wpbc,10,35,1000,modal_var,autoref,False,timeout dopo 300.0s,73.0,,,300.031
wpbc,10,35,1000,random_node,autoref,False,timeout dopo 300.0s,73.0,,,300.031
wpbc,7,35,1000,modal_var,autoref,True,,56.0,4243.0,103.0,2.047
wpbc,8,35,1000,modal_var,autoref,True,,62.0,4470.0,1350.0,19.047
wpbc,8,35,1000,infogain,autoref,False,timeout dopo 300.0s,62.0,,,300.063
wpbc,5,35,10000,shapley,autoref,True,,44.0,2670.0,1.0,0.047
wpbc,7,35,1000,random_node,autoref,True,,56.0,5107.0,1516.0,25.953
wine-recognition,23,24,100000,pvalue,autoref,True,,46.0,140868.0,484.0,297.532
wpbc,5,35,10000,pvalue,autoref,True,,44.0,2670.0,1.0,0.047
wpbc,8,35,1000,shapley,autoref,False,timeout dopo 300.1s,62.0,,,300.078
wpbc,5,35,10000,random_node,autoref,True,,44.0,2670.0,1.0,0.046
wine-recognition,23,24,100000,random_node,autoref,False,timeout dopo 301.8s,46.0,,,301.781
wpbc,5,35,10000,modal_var,autoref,True,,44.0,2670.0,1.0,0.047
wpbc,10,35,10000,infogain,autoref,False,timeout dopo 300.3s,73.0,,,300.312
wpbc,7,35,10000,infogain,autoref,True,,56.0,29158.0,2.0,0.5
wpbc,9,35,1000,modal_var,autoref,True,,67.0,4572.0,5607.0,103.657
wpbc,5,35,100000,infogain,autoref,True,,44.0,2670.0,1.0,0.031
wpbc,8,35,10000,infogain,autoref,True,,62.0,32639.0,857.0,21.0
wpbc,10,35,100000,infogain,autoref,True,,73.0,582638.0,17.0,29.203
wpbc,9,35,10000,infogain,autoref,True,,67.0,33497.0,1448.0,82.36
wpbc,5,35,100000,shapley,autoref,True,,44.0,2670.0,1.0,0.047
wpbc,10,35,100000,shapley,autoref,True,,73.0,582638.0,17.0,30.015
wpbc,8,35,1000,pvalue,autoref,False,timeout dopo 300.0s,62.0,,,300.062
wpbc,5,35,100000,pvalue,autoref,True,,44.0,2670.0,1.0,0.047
wpbc,10,35,10000,shapley,autoref,False,timeout dopo 300.0s,73.0,,,300.031
wpbc,10,35,100000,pvalue,autoref,True,,73.0,582638.0,17.0,30.218
wpbc,7,35,10000,shapley,autoref,True,,56.0,29158.0,2.0,0.5
wpbc,8,35,1000,random_node,autoref,False,timeout dopo 300.0s,62.0,,,300.047
wpbc,5,35,100000,random_node,autoref,True,,44.0,2670.0,1.0,0.032
wpbc,10,35,10000,pvalue,autoref,False,timeout dopo 300.0s,73.0,,,300.016
wpbc,7,35,10000,pvalue,autoref,True,,56.0,29158.0,2.0,0.5
wpbc,8,35,10000,shapley,autoref,True,,62.0,32639.0,857.0,36.562
wpbc,8,35,10000,pvalue,autoref,True,,62.0,32639.0,857.0,22.062
wpbc,10,35,10000,random_node,autoref,False,timeout dopo 302.3s,73.0,,,302.344
wpbc,7,35,10000,random_node,autoref,True,,56.0,33113.0,3.0,0.781
wpbc,10,35,10000,modal_var,autoref,False,timeout dopo 300.8s,73.0,,,300.829
wpbc,7,35,10000,modal_var,autoref,True,,56.0,30526.0,2.0,0.562
wpbc,8,35,10000,modal_var,autoref,True,,62.0,33894.0,9.0,2.047
wpbc,9,35,10000,modal_var,autoref,True,,67.0,38995.0,14.0,4.953
wpbc,5,35,100000,modal_var,autoref,True,,44.0,2670.0,1.0,0.047
wpbc,9,35,10000,pvalue,autoref,True,,67.0,33497.0,1448.0,81.562
xd6,5,44,1000,infogain,autoref,True,,9.0,146.0,1.0,0.046
xd6,10,44,1000,infogain,autoref,True,,9.0,229.0,1.0,0.109
xd6,20,44,1000,infogain,autoref,True,,9.0,322.0,1.0,0.266
xd6,30,44,1000,infogain,autoref,True,,9.0,399.0,1.0,0.39
xd6,44,44,1000,infogain,autoref,True,,9.0,469.0,1.0,0.75
xd6,5,44,1000,shapley,autoref,True,,9.0,146.0,1.0,0.047
wpbc,9,35,10000,shapley,autoref,True,,67.0,33497.0,1448.0,112.125
xd6,10,44,1000,shapley,autoref,True,,9.0,229.0,1.0,0.109
xd6,5,44,1000,pvalue,autoref,True,,9.0,146.0,1.0,0.047
xd6,20,44,1000,shapley,autoref,True,,9.0,322.0,1.0,0.266
xd6,10,44,1000,pvalue,autoref,True,,9.0,229.0,1.0,0.109
xd6,30,44,1000,shapley,autoref,True,,9.0,399.0,1.0,0.406
xd6,20,44,1000,pvalue,autoref,True,,9.0,322.0,1.0,0.281
xd6,30,44,1000,pvalue,autoref,True,,9.0,399.0,1.0,0.406
xd6,44,44,1000,shapley,autoref,True,,9.0,469.0,1.0,0.829
xd6,5,44,1000,random_node,autoref,True,,9.0,146.0,1.0,0.047
xd6,44,44,1000,pvalue,autoref,True,,9.0,469.0,1.0,0.75
xd6,10,44,1000,random_node,autoref,True,,9.0,229.0,1.0,0.094
wpbc,8,35,10000,random_node,autoref,True,,62.0,31112.0,178.0,44.141
xd6,5,44,1000,modal_var,autoref,True,,9.0,146.0,1.0,0.047
xd6,20,44,1000,random_node,autoref,True,,9.0,322.0,1.0,0.266
xd6,10,44,1000,modal_var,autoref,True,,9.0,229.0,1.0,0.11
xd6,30,44,1000,random_node,autoref,True,,9.0,399.0,1.0,0.422
xd6,20,44,1000,modal_var,autoref,True,,9.0,322.0,1.0,0.266
xd6,30,44,1000,modal_var,autoref,True,,9.0,399.0,1.0,0.375
xd6,44,44,1000,random_node,autoref,True,,9.0,469.0,1.0,0.719
xd6,5,44,10000,infogain,autoref,True,,9.0,146.0,1.0,0.047
xd6,44,44,1000,modal_var,autoref,True,,9.0,469.0,1.0,0.75
xd6,10,44,10000,infogain,autoref,True,,9.0,229.0,1.0,0.11
xd6,5,44,10000,shapley,autoref,True,,9.0,146.0,1.0,0.047
xd6,20,44,10000,infogain,autoref,True,,9.0,322.0,1.0,0.266
xd6,10,44,10000,shapley,autoref,True,,9.0,229.0,1.0,0.109
xd6,20,44,10000,shapley,autoref,True,,9.0,322.0,1.0,0.265
xd6,30,44,10000,infogain,autoref,True,,9.0,399.0,1.0,0.39
xd6,30,44,10000,shapley,autoref,True,,9.0,399.0,1.0,0.375
xd6,44,44,10000,infogain,autoref,True,,9.0,469.0,1.0,0.734
wpbc,20,35,100000,infogain,autoref,False,timeout dopo 300.1s,104.0,,,300.063
xd6,5,44,10000,pvalue,autoref,True,,9.0,146.0,1.0,0.031
xd6,44,44,10000,shapley,autoref,True,,9.0,469.0,1.0,0.797
xd6,10,44,10000,pvalue,autoref,True,,9.0,229.0,1.0,0.11
xd6,5,44,10000,random_node,autoref,True,,9.0,146.0,1.0,0.046
xd6,20,44,10000,pvalue,autoref,True,,9.0,322.0,1.0,0.25
xd6,10,44,10000,random_node,autoref,True,,9.0,229.0,1.0,0.109
xd6,20,44,10000,random_node,autoref,True,,9.0,322.0,1.0,0.25
xd6,30,44,10000,pvalue,autoref,True,,9.0,399.0,1.0,0.391
xd6,30,44,10000,random_node,autoref,True,,9.0,399.0,1.0,0.391
xd6,44,44,10000,pvalue,autoref,True,,9.0,469.0,1.0,0.719
xd6,5,44,10000,modal_var,autoref,True,,9.0,146.0,1.0,0.046
xd6,44,44,10000,random_node,autoref,True,,9.0,469.0,1.0,0.75
xd6,10,44,10000,modal_var,autoref,True,,9.0,229.0,1.0,0.109
xd6,5,44,100000,infogain,autoref,True,,9.0,146.0,1.0,0.047
xd6,20,44,10000,modal_var,autoref,True,,9.0,322.0,1.0,0.25
xd6,10,44,100000,infogain,autoref,True,,9.0,229.0,1.0,0.109
xd6,20,44,100000,infogain,autoref,True,,9.0,322.0,1.0,0.266
xd6,30,44,10000,modal_var,autoref,True,,9.0,399.0,1.0,0.375
xd6,30,44,100000,infogain,autoref,True,,9.0,399.0,1.0,0.39
xd6,44,44,10000,modal_var,autoref,True,,9.0,469.0,1.0,0.734
xd6,5,44,100000,shapley,autoref,True,,9.0,146.0,1.0,0.047
xd6,44,44,100000,infogain,autoref,True,,9.0,469.0,1.0,0.734
xd6,10,44,100000,shapley,autoref,True,,9.0,229.0,1.0,0.125
xd6,5,44,100000,pvalue,autoref,True,,9.0,146.0,1.0,0.047
xd6,20,44,100000,shapley,autoref,True,,9.0,322.0,1.0,0.266
xd6,10,44,100000,pvalue,autoref,True,,9.0,229.0,1.0,0.11
xd6,30,44,100000,shapley,autoref,True,,9.0,399.0,1.0,0.391
xd6,20,44,100000,pvalue,autoref,True,,9.0,322.0,1.0,0.266
xd6,30,44,100000,pvalue,autoref,True,,9.0,399.0,1.0,0.406
xd6,44,44,100000,shapley,autoref,True,,9.0,469.0,1.0,0.735
xd6,5,44,100000,random_node,autoref,True,,9.0,146.0,1.0,0.047
xd6,44,44,100000,pvalue,autoref,True,,9.0,469.0,1.0,0.718
xd6,10,44,100000,random_node,autoref,True,,9.0,229.0,1.0,0.109
xd6,5,44,100000,modal_var,autoref,True,,9.0,146.0,1.0,0.047
xd6,20,44,100000,random_node,autoref,True,,9.0,322.0,1.0,0.266
xd6,10,44,100000,modal_var,autoref,True,,9.0,229.0,1.0,0.109
xd6,30,44,100000,random_node,autoref,True,,9.0,399.0,1.0,0.406
xd6,20,44,100000,modal_var,autoref,True,,9.0,322.0,1.0,0.265
xd6,30,44,100000,modal_var,autoref,True,,9.0,399.0,1.0,0.391
xd6,44,44,100000,random_node,autoref,True,,9.0,469.0,1.0,0.75
xd6,44,44,100000,modal_var,autoref,True,,9.0,469.0,1.0,0.766
wpbc,10,35,100000,modal_var,autoref,True,,73.0,342805.0,14.0,44.422
wpbc,20,35,100000,shapley,autoref,False,timeout dopo 300.5s,104.0,,,300.5
wpbc,20,35,100000,pvalue,autoref,False,timeout dopo 300.4s,104.0,,,300.406
wpbc,10,35,100000,random_node,autoref,False,timeout dopo 300.1s,73.0,,,300.093
wpbc,7,35,100000,random_node,autoref,True,,56.0,44540.0,1.0,0.453
wpbc,8,35,100000,random_node,autoref,True,,62.0,64901.0,1.0,0.937
wpbc,9,35,100000,random_node,autoref,True,,67.0,271486.0,1.0,3.078
wpbc,9,35,10000,random_node,autoref,False,timeout dopo 300.0s,67.0,,,300.016
wpbc,15,35,100000,infogain,autoref,False,timeout dopo 300.5s,94.0,,,300.484
wpbc,20,35,100000,modal_var,autoref,False,timeout dopo 311.1s,104.0,,,311.156
wpbc,15,35,100000,shapley,autoref,False,timeout dopo 300.5s,94.0,,,300.625
zernike,5,39,1000,infogain,autoref,False,hard kill dopo 360s (formula fuori dai check cooperativi),,,,360.0
zernike,5,39,1000,shapley,autoref,False,hard kill dopo 360s (formula fuori dai check cooperativi),,,,360.0
wpbc,15,35,100000,pvalue,autoref,False,timeout dopo 300.8s,94.0,,,300.875
zernike,5,39,1000,pvalue,autoref,False,hard kill dopo 360s (formula fuori dai check cooperativi),,,,360.031
wpbc,12,35,100000,infogain,autoref,False,timeout dopo 300.1s,80.0,,,300.14
zernike,5,39,1000,random_node,autoref,False,hard kill dopo 360s (formula fuori dai check cooperativi),,,,360.016
wpbc,12,35,100000,shapley,autoref,False,timeout dopo 300.3s,80.0,,,300.375
wpbc,15,35,100000,modal_var,autoref,False,timeout dopo 303.7s,94.0,,,303.704
zernike,2,39,1000,infogain,autoref,False,hard kill dopo 360s (formula fuori dai check cooperativi),,,,360.0
zernike,2,39,1000,shapley,autoref,False,hard kill dopo 360s (formula fuori dai check cooperativi),,,,360.016
zernike,1,39,1000,infogain,autoref,True,,91.0,45223.0,1.0,0.953
zernike,1,39,1000,shapley,autoref,True,,91.0,45223.0,1.0,0.922
wpbc,12,35,100000,pvalue,autoref,False,timeout dopo 300.3s,80.0,,,300.297
zernike,2,39,1000,pvalue,autoref,False,hard kill dopo 360s (formula fuori dai check cooperativi),,,,360.078
zernike,1,39,1000,pvalue,autoref,True,,91.0,45223.0,1.0,0.953
wpbc,11,35,100000,shapley,autoref,False,timeout dopo 300.4s,76.0,,,300.594
wpbc,11,35,100000,infogain,autoref,False,timeout dopo 300.4s,76.0,,,300.485
wpbc,12,35,100000,modal_var,autoref,False,timeout dopo 300.2s,80.0,,,300.172
zernike,2,39,1000,random_node,autoref,False,hard kill dopo 360s (formula fuori dai check cooperativi),,,,360.032
zernike,1,39,1000,random_node,autoref,True,,91.0,45223.0,1.0,0.968
wpbc,11,35,100000,modal_var,autoref,False,timeout dopo 55045.7s,76.0,,,55045.656
wpbc,11,35,100000,pvalue,autoref,False,timeout dopo 55269.9s,76.0,,,55270.078
iris,26,26,1000,random_node,autoref,True,,16,1058,6,1.391
zernike,5,39,10000,shapley,autoref,False,hard kill dopo 360s (formula fuori dai check cooperativi),,,,360.031
zernike,5,39,1000,modal_var,autoref,False,hard kill dopo 360s (formula fuori dai check cooperativi),,,,360.031
zernike,5,39,10000,infogain,autoref,False,hard kill dopo 360s (formula fuori dai check cooperativi),,,,360.031
zernike,5,39,10000,pvalue,autoref,False,hard kill dopo 360s (formula fuori dai check cooperativi),,,,360.0
zernike,2,39,1000,modal_var,autoref,False,hard kill dopo 360s (formula fuori dai check cooperativi),,,,360.0
zernike,2,39,10000,shapley,autoref,False,hard kill dopo 360s (formula fuori dai check cooperativi),,,,360.031
zernike,2,39,10000,infogain,autoref,False,hard kill dopo 360s (formula fuori dai check cooperativi),,,,360.031
zernike,2,39,10000,pvalue,autoref,False,hard kill dopo 360s (formula fuori dai check cooperativi),,,,360.016
zernike,1,39,10000,infogain,autoref,True,,91,45223,1,0.922
zernike,1,39,1000,modal_var,autoref,True,,91,45223,1,0.937
zernike,1,39,10000,shapley,autoref,True,,91,45223,1,0.922
zernike,1,39,10000,pvalue,autoref,True,,91,45223,1,0.922
zernike,5,39,100000,infogain,autoref,False,hard kill dopo 360s (formula fuori dai check cooperativi),,,,360.047
zernike,5,39,100000,shapley,autoref,False,hard kill dopo 360s (formula fuori dai check cooperativi),,,,360.015
zernike,5,39,10000,modal_var,autoref,False,hard kill dopo 360s (formula fuori dai check cooperativi),,,,360.032
zernike,5,39,10000,random_node,autoref,False,hard kill dopo 360s (formula fuori dai check cooperativi),,,,360.032
zernike,2,39,100000,infogain,autoref,False,hard kill dopo 360s (formula fuori dai check cooperativi),,,,360.062
zernike,2,39,100000,shapley,autoref,False,hard kill dopo 360s (formula fuori dai check cooperativi),,,,360.0
zernike,2,39,10000,modal_var,autoref,False,hard kill dopo 360s (formula fuori dai check cooperativi),,,,360.016
zernike,2,39,10000,random_node,autoref,False,hard kill dopo 360s (formula fuori dai check cooperativi),,,,360.015
zernike,1,39,100000,infogain,autoref,True,,91,45223,1,0.922
zernike,1,39,100000,shapley,autoref,True,,91,45223,1,0.906
zernike,1,39,10000,modal_var,autoref,True,,91,45223,1,0.89
zernike,1,39,10000,random_node,autoref,True,,91,45223,1,0.906
zernike,5,39,100000,pvalue,autoref,False,hard kill dopo 360s (formula fuori dai check cooperativi),,,,360.016
zernike,5,39,100000,random_node,autoref,False,hard kill dopo 360s (formula fuori dai check cooperativi),,,,360.015
zernike,5,39,100000,modal_var,autoref,False,hard kill dopo 360s (formula fuori dai check cooperativi),,,,360.016
zernike,2,39,100000,pvalue,autoref,False,hard kill dopo 360s (formula fuori dai check cooperativi),,,,360.031
zernike,2,39,100000,random_node,autoref,False,hard kill dopo 360s (formula fuori dai check cooperativi),,,,360.031
zernike,2,39,100000,modal_var,autoref,False,hard kill dopo 360s (formula fuori dai check cooperativi),,,,360.016
zernike,1,39,100000,random_node,autoref,True,,91,45223,1,0.89
zernike,1,39,100000,pvalue,autoref,True,,91,45223,1,0.89
zernike,1,39,100000,modal_var,autoref,True,,91,45223,1,0.875
